Using pre-set license
Built from '2022.3/staging' branch; Version is '2022.3.11f1 (d00248457e15) revision 13632072'; Using compiler version '192829333'; Build Type 'Release'
OS: 'Windows 11  (10.0.22631) 64bit CoreSingleLanguage' Language: 'pl' Physical Memory: 32469 MB
BatchMode: 1, IsHumanControllingUs: 0, StartBugReporterOnCrash: 0, Is64bit: 1, IsPro: 1

COMMAND LINE ARGUMENTS:
C:\Program Files\Unity\Hub\Editor\2022.3.11f1\Editor\Unity.exe
-adb2
-batchMode
-noUpm
-name
AssetImportWorker1
-projectPath
C:/Users/szymi/Documents/GitHub/2_5D_Game1/2_5D_Game1
-logFile
Logs/AssetImportWorker1.log
-srvPort
53643
Successfully changed project path to: C:/Users/szymi/Documents/GitHub/2_5D_Game1/2_5D_Game1
C:/Users/szymi/Documents/GitHub/2_5D_Game1/2_5D_Game1
[UnityMemory] Configuration Parameters - Can be set up in boot.config
    "memorysetup-bucket-allocator-granularity=16"
    "memorysetup-bucket-allocator-bucket-count=8"
    "memorysetup-bucket-allocator-block-size=33554432"
    "memorysetup-bucket-allocator-block-count=8"
    "memorysetup-main-allocator-block-size=16777216"
    "memorysetup-thread-allocator-block-size=16777216"
    "memorysetup-gfx-main-allocator-block-size=16777216"
    "memorysetup-gfx-thread-allocator-block-size=16777216"
    "memorysetup-cache-allocator-block-size=4194304"
    "memorysetup-typetree-allocator-block-size=2097152"
    "memorysetup-profiler-bucket-allocator-granularity=16"
    "memorysetup-profiler-bucket-allocator-bucket-count=8"
    "memorysetup-profiler-bucket-allocator-block-size=33554432"
    "memorysetup-profiler-bucket-allocator-block-count=8"
    "memorysetup-profiler-allocator-block-size=16777216"
    "memorysetup-profiler-editor-allocator-block-size=1048576"
    "memorysetup-temp-allocator-size-main=16777216"
    "memorysetup-job-temp-allocator-block-size=2097152"
    "memorysetup-job-temp-allocator-block-size-background=1048576"
    "memorysetup-job-temp-allocator-reduction-small-platforms=262144"
    "memorysetup-allocator-temp-initial-block-size-main=262144"
    "memorysetup-allocator-temp-initial-block-size-worker=262144"
    "memorysetup-temp-allocator-size-background-worker=32768"
    "memorysetup-temp-allocator-size-job-worker=262144"
    "memorysetup-temp-allocator-size-preload-manager=33554432"
    "memorysetup-temp-allocator-size-nav-mesh-worker=65536"
    "memorysetup-temp-allocator-size-audio-worker=65536"
    "memorysetup-temp-allocator-size-cloud-worker=32768"
    "memorysetup-temp-allocator-size-gi-baking-worker=262144"
    "memorysetup-temp-allocator-size-gfx=262144"
Player connection [11512] Host "[IP] 192.168.1.38 [Port] 0 [Flags] 2 [Guid] 1360958286 [EditorId] 1360958286 [Version] 1048832 [Id] WindowsEditor(7,DESKTOP-CL6HNER) [Debug] 1 [PackageName] WindowsEditor [ProjectName] Editor" joined multi-casting on [225.0.0.222:54997]...

Player connection [11512] Host "[IP] 192.168.1.38 [Port] 0 [Flags] 2 [Guid] 1360958286 [EditorId] 1360958286 [Version] 1048832 [Id] WindowsEditor(7,DESKTOP-CL6HNER) [Debug] 1 [PackageName] WindowsEditor [ProjectName] Editor" joined alternative multi-casting on [225.0.0.222:34997]...

[Physics::Module] Initialized MultithreadedJobDispatcher with 11 workers.
Refreshing native plugins compatible for Editor in 15.91 ms, found 3 plugins.
Preloading 0 native plugins for Editor in 0.00 ms.
Initialize engine version: 2022.3.11f1 (d00248457e15)
[Subsystems] Discovering subsystems at path C:/Program Files/Unity/Hub/Editor/2022.3.11f1/Editor/Data/Resources/UnitySubsystems
[Subsystems] Discovering subsystems at path C:/Users/szymi/Documents/GitHub/2_5D_Game1/2_5D_Game1/Assets
GfxDevice: creating device client; threaded=0; jobified=0
Direct3D:
    Version:  Direct3D 11.0 [level 11.1]
    Renderer: NVIDIA GeForce RTX 3050 Laptop GPU (ID=0x25a2)
    Vendor:   NVIDIA
    VRAM:     3965 MB
    Driver:   32.0.15.5599
Initialize mono
Mono path[0] = 'C:/Program Files/Unity/Hub/Editor/2022.3.11f1/Editor/Data/Managed'
Mono path[1] = 'C:/Program Files/Unity/Hub/Editor/2022.3.11f1/Editor/Data/MonoBleedingEdge/lib/mono/unityjit-win32'
Mono config path = 'C:/Program Files/Unity/Hub/Editor/2022.3.11f1/Editor/Data/MonoBleedingEdge/etc'
Using monoOptions --debugger-agent=transport=dt_socket,embedding=1,server=y,suspend=n,address=127.0.0.1:56684
Begin MonoManager ReloadAssembly
Registering precompiled unity dll's ...
Register platform support module: C:/Program Files/Unity/Hub/Editor/2022.3.11f1/Editor/Data/PlaybackEngines/WebGLSupport/UnityEditor.WebGL.Extensions.dll
Register platform support module: C:/Program Files/Unity/Hub/Editor/2022.3.11f1/Editor/Data/PlaybackEngines/WindowsStandaloneSupport/UnityEditor.WindowsStandalone.Extensions.dll
Registered in 0.008143 seconds.
- Loaded All Assemblies, in  0.460 seconds
Native extension for WindowsStandalone target not found
Native extension for WebGL target not found
Mono: successfully reloaded assembly
- Finished resetting the current domain, in  0.303 seconds
Domain Reload Profiling: 762ms
	BeginReloadAssembly (123ms)
		ExecutionOrderSort (0ms)
		DisableScriptedObjects (0ms)
		BackupInstance (0ms)
		ReleaseScriptingObjects (0ms)
		CreateAndSetChildDomain (1ms)
	RebuildCommonClasses (48ms)
	RebuildNativeTypeToScriptingClass (11ms)
	initialDomainReloadingComplete (65ms)
	LoadAllAssembliesAndSetupDomain (210ms)
		LoadAssemblies (121ms)
		RebuildTransferFunctionScriptingTraits (0ms)
		AnalyzeDomain (208ms)
			TypeCache.Refresh (206ms)
				TypeCache.ScanAssembly (190ms)
			ScanForSourceGeneratedMonoScriptInfo (1ms)
			ResolveRequiredComponents (1ms)
	FinalizeReload (304ms)
		ReleaseScriptCaches (0ms)
		RebuildScriptCaches (0ms)
		SetupLoadedEditorAssemblies (229ms)
			LogAssemblyErrors (0ms)
			InitializePlatformSupportModulesInManaged (11ms)
			SetLoadedEditorAssemblies (5ms)
			RefreshPlugins (0ms)
			BeforeProcessingInitializeOnLoad (2ms)
			ProcessInitializeOnLoadAttributes (157ms)
			ProcessInitializeOnLoadMethodAttributes (54ms)
			AfterProcessingInitializeOnLoad (0ms)
			EditorAssembliesLoaded (0ms)
		ExecutionOrderSort2 (0ms)
		AwakeInstancesAfterBackupRestoration (0ms)
========================================================================
Worker process is ready to serve import requests
Begin MonoManager ReloadAssembly
- Loaded All Assemblies, in  0.804 seconds
Refreshing native plugins compatible for Editor in 6.38 ms, found 3 plugins.
Native extension for WindowsStandalone target not found
Native extension for WebGL target not found
System.Exception: Error! Visual Scripting: couldn't find visual scripting package
  at Unity.VisualScripting.PackageVersionUtility.get_version () [0x00043] in .\Library\PackageCache\com.unity.visualscripting@1.9.4\Editor\VisualScripting.Core\Utilities\PackageVersionUtility.cs:31 
  at Unity.VisualScripting.BoltCoreManifest.get_version () [0x00000] in .\Library\PackageCache\com.unity.visualscripting@1.9.4\Editor\VisualScripting.Core\Plugin\BoltCoreManifest.cs:11 
  at Unity.VisualScripting.PluginManifest.get_currentVersion () [0x00000] in .\Library\PackageCache\com.unity.visualscripting@1.9.4\Editor\VisualScripting.Core\Plugins\PluginManifest.cs:33 
  at Unity.VisualScripting.PluginManifest.get_versionMismatch () [0x00000] in .\Library\PackageCache\com.unity.visualscripting@1.9.4\Editor\VisualScripting.Core\Plugins\PluginManifest.cs:48 
  at Unity.VisualScripting.PluginContainer.Initialize () [0x00525] in .\Library\PackageCache\com.unity.visualscripting@1.9.4\Editor\VisualScripting.Core\Plugins\PluginContainer.cs:208 
  at Unity.VisualScripting.PluginContainer.InitializeOnLoad () [0x00009] in .\Library\PackageCache\com.unity.visualscripting@1.9.4\Editor\VisualScripting.Core\Plugins\PluginContainer.cs:32 
  at Unity.VisualScripting.VSUsageUtility.DoInitializeOnLoadCalls () [0x00034] in .\Library\PackageCache\com.unity.visualscripting@1.9.4\Editor\VisualScripting.Core\Utilities\VSUsageUtility.cs:76 
  at Unity.VisualScripting.VSUsageUtility.set_isVisualScriptingUsed (System.Boolean value) [0x0002c] in .\Library\PackageCache\com.unity.visualscripting@1.9.4\Editor\VisualScripting.Core\Utilities\VSUsageUtility.cs:114 
  at Unity.VisualScripting.VSUsageUtility.CheckAndSetIsVisualScriptingUsed () [0x00032] in .\Library\PackageCache\com.unity.visualscripting@1.9.4\Editor\VisualScripting.Core\Utilities\VSUsageUtility.cs:48 
  at Unity.VisualScripting.VSUsageUtility..cctor () [0x00000] in .\Library\PackageCache\com.unity.visualscripting@1.9.4\Editor\VisualScripting.Core\Utilities\VSUsageUtility.cs:22 
UnityEngine.StackTraceUtility:ExtractStackTrace ()
UnityEngine.DebugLogHandler:LogFormat (UnityEngine.LogType,UnityEngine.Object,string,object[])
UnityEngine.Logger:Log (UnityEngine.LogType,object)
UnityEngine.Debug:LogError (object)
UnityEditor.EditorAssemblies:ProcessInitializeOnLoadAttributes (System.Type[])

Package Manager log level set to [2]
[Package Manager] Server::EnsureServerProcessIsRunning -- launch failed, reason: Unity was launched with the -noUpm command-line argument
[Package Manager] UpmClient::Send -- Unable to send message (not connected to UPM process).
[Package Manager] Cannot connect to Unity Package Manager local server
Mono: successfully reloaded assembly
- Finished resetting the current domain, in  1.327 seconds
Domain Reload Profiling: 2126ms
	BeginReloadAssembly (165ms)
		ExecutionOrderSort (0ms)
		DisableScriptedObjects (6ms)
		BackupInstance (0ms)
		ReleaseScriptingObjects (0ms)
		CreateAndSetChildDomain (24ms)
	RebuildCommonClasses (44ms)
	RebuildNativeTypeToScriptingClass (19ms)
	initialDomainReloadingComplete (62ms)
	LoadAllAssembliesAndSetupDomain (508ms)
		LoadAssemblies (340ms)
		RebuildTransferFunctionScriptingTraits (0ms)
		AnalyzeDomain (265ms)
			TypeCache.Refresh (217ms)
				TypeCache.ScanAssembly (198ms)
			ScanForSourceGeneratedMonoScriptInfo (35ms)
			ResolveRequiredComponents (11ms)
	FinalizeReload (1327ms)
		ReleaseScriptCaches (0ms)
		RebuildScriptCaches (0ms)
		SetupLoadedEditorAssemblies (1119ms)
			LogAssemblyErrors (0ms)
			InitializePlatformSupportModulesInManaged (8ms)
			SetLoadedEditorAssemblies (5ms)
			RefreshPlugins (0ms)
			BeforeProcessingInitializeOnLoad (100ms)
			ProcessInitializeOnLoadAttributes (923ms)
			ProcessInitializeOnLoadMethodAttributes (73ms)
			AfterProcessingInitializeOnLoad (10ms)
			EditorAssembliesLoaded (0ms)
		ExecutionOrderSort2 (0ms)
		AwakeInstancesAfterBackupRestoration (9ms)
Launched and connected shader compiler UnityShaderCompiler.exe after 0.08 seconds
Refreshing native plugins compatible for Editor in 5.74 ms, found 3 plugins.
Preloading 0 native plugins for Editor in 0.00 ms.
Unloading 5504 Unused Serialized files (Serialized files now loaded: 0)
Unloading 94 unused Assets / (0.9 MB). Loaded Objects now: 5954.
Memory consumption went from 221.7 MB to 220.8 MB.
Total: 18.135400 ms (FindLiveObjects: 0.770300 ms CreateObjectMapping: 0.346800 ms MarkObjects: 16.570600 ms  DeleteObjects: 0.445800 ms)

AssetImportParameters requested are different than current active one (requested -> active):
  custom:container-demuxer-ogg: 62fdf1f143b41e24485cea50d1cbac27 -> 
  custom:video-codec-MediaFoundation-h265: 746d11721c4dcdbdad8f713fa42b33f4 -> 
  custom:video-decoder-ogg-theora: a1e56fd34408186e4bbccfd4996cb3dc -> 
  custom:framework-win-MediaFoundation: 216162199b28c13a410421893ffa2e32 -> 
  custom:CustomObjectIndexerAttribute: a3ef5dd2817f97addfee359851a9dba5 -> 
  custom:container-demuxer-webm: 4f35f7cbe854078d1ac9338744f61a02 -> 
  custom:container-muxer-webm: aa71ff27fc2769a1b78a27578f13a17b -> 
  custom:video-decoder-webm-vp8: 9c59270c3fd7afecdb556c50c9e8de78 -> 
  custom:SearchIndexIgnoredProperties: e643bd26f0fe6173181afceb89e7c659 -> 
  custom:AudioImporter_EditorPlatform: d09bf68614088b80899f8185d706f6e7 -> 
  custom:video-encoder-webm-vp8: eb34c28f22e8b96e1ab97ce403110664 -> 
  custom:audio-decoder-ogg-vorbis: bf7c407c2cedff20999df2af8eb42d56 -> 
  custom:audio-encoder-webm-vorbis: bf7c407c2cedff20999df2af8eb42d56 -> 
========================================================================
Received Prepare
Begin MonoManager ReloadAssembly
- Loaded All Assemblies, in  0.548 seconds
Refreshing native plugins compatible for Editor in 4.28 ms, found 3 plugins.
Native extension for WindowsStandalone target not found
Native extension for WebGL target not found
System.Exception: Error! Visual Scripting: couldn't find visual scripting package
  at Unity.VisualScripting.PackageVersionUtility.get_version () [0x00043] in .\Library\PackageCache\com.unity.visualscripting@1.9.4\Editor\VisualScripting.Core\Utilities\PackageVersionUtility.cs:31 
  at Unity.VisualScripting.BoltCoreManifest.get_version () [0x00000] in .\Library\PackageCache\com.unity.visualscripting@1.9.4\Editor\VisualScripting.Core\Plugin\BoltCoreManifest.cs:11 
  at Unity.VisualScripting.PluginManifest.get_currentVersion () [0x00000] in .\Library\PackageCache\com.unity.visualscripting@1.9.4\Editor\VisualScripting.Core\Plugins\PluginManifest.cs:33 
  at Unity.VisualScripting.PluginManifest.get_versionMismatch () [0x00000] in .\Library\PackageCache\com.unity.visualscripting@1.9.4\Editor\VisualScripting.Core\Plugins\PluginManifest.cs:48 
  at Unity.VisualScripting.PluginContainer.Initialize () [0x00525] in .\Library\PackageCache\com.unity.visualscripting@1.9.4\Editor\VisualScripting.Core\Plugins\PluginContainer.cs:208 
  at Unity.VisualScripting.PluginContainer.InitializeOnLoad () [0x00009] in .\Library\PackageCache\com.unity.visualscripting@1.9.4\Editor\VisualScripting.Core\Plugins\PluginContainer.cs:32 
  at Unity.VisualScripting.VSUsageUtility.DoInitializeOnLoadCalls () [0x00034] in .\Library\PackageCache\com.unity.visualscripting@1.9.4\Editor\VisualScripting.Core\Utilities\VSUsageUtility.cs:76 
  at Unity.VisualScripting.VSUsageUtility.set_isVisualScriptingUsed (System.Boolean value) [0x0002c] in .\Library\PackageCache\com.unity.visualscripting@1.9.4\Editor\VisualScripting.Core\Utilities\VSUsageUtility.cs:114 
  at Unity.VisualScripting.VSUsageUtility.CheckAndSetIsVisualScriptingUsed () [0x0000d] in .\Library\PackageCache\com.unity.visualscripting@1.9.4\Editor\VisualScripting.Core\Utilities\VSUsageUtility.cs:33 
  at Unity.VisualScripting.VSUsageUtility..cctor () [0x00000] in .\Library\PackageCache\com.unity.visualscripting@1.9.4\Editor\VisualScripting.Core\Utilities\VSUsageUtility.cs:22 
UnityEngine.StackTraceUtility:ExtractStackTrace ()
UnityEngine.DebugLogHandler:LogFormat (UnityEngine.LogType,UnityEngine.Object,string,object[])
UnityEngine.Logger:Log (UnityEngine.LogType,object)
UnityEngine.Debug:LogError (object)
UnityEditor.EditorAssemblies:ProcessInitializeOnLoadAttributes (System.Type[])

[Package Manager] Server::EnsureServerProcessIsRunning -- launch failed, reason: Unity was launched with the -noUpm command-line argument
[Package Manager] UpmClient::Send -- Unable to send message (not connected to UPM process).
[Package Manager] Cannot connect to Unity Package Manager local server
Mono: successfully reloaded assembly
- Finished resetting the current domain, in  2.139 seconds
Domain Reload Profiling: 2684ms
	BeginReloadAssembly (207ms)
		ExecutionOrderSort (0ms)
		DisableScriptedObjects (5ms)
		BackupInstance (0ms)
		ReleaseScriptingObjects (0ms)
		CreateAndSetChildDomain (52ms)
	RebuildCommonClasses (41ms)
	RebuildNativeTypeToScriptingClass (18ms)
	initialDomainReloadingComplete (29ms)
	LoadAllAssembliesAndSetupDomain (248ms)
		LoadAssemblies (322ms)
		RebuildTransferFunctionScriptingTraits (0ms)
		AnalyzeDomain (23ms)
			TypeCache.Refresh (7ms)
				TypeCache.ScanAssembly (0ms)
			ScanForSourceGeneratedMonoScriptInfo (0ms)
			ResolveRequiredComponents (14ms)
	FinalizeReload (2140ms)
		ReleaseScriptCaches (0ms)
		RebuildScriptCaches (0ms)
		SetupLoadedEditorAssemblies (916ms)
			LogAssemblyErrors (0ms)
			InitializePlatformSupportModulesInManaged (9ms)
			SetLoadedEditorAssemblies (3ms)
			RefreshPlugins (0ms)
			BeforeProcessingInitializeOnLoad (112ms)
			ProcessInitializeOnLoadAttributes (696ms)
			ProcessInitializeOnLoadMethodAttributes (83ms)
			AfterProcessingInitializeOnLoad (12ms)
			EditorAssembliesLoaded (0ms)
		ExecutionOrderSort2 (0ms)
		AwakeInstancesAfterBackupRestoration (28ms)
Refreshing native plugins compatible for Editor in 6.11 ms, found 3 plugins.
Preloading 0 native plugins for Editor in 0.00 ms.
Unloading 5342 Unused Serialized files (Serialized files now loaded: 0)
Unloading 54 unused Assets / (0.8 MB). Loaded Objects now: 5971.
Memory consumption went from 195.5 MB to 194.7 MB.
Total: 10.851400 ms (FindLiveObjects: 0.491300 ms CreateObjectMapping: 0.341500 ms MarkObjects: 9.626300 ms  DeleteObjects: 0.391400 ms)

Prepare: number of updated asset objects reloaded= 0
AssetImportParameters requested are different than current active one (requested -> active):
  custom:container-demuxer-ogg: 62fdf1f143b41e24485cea50d1cbac27 -> 
  custom:video-codec-MediaFoundation-h265: 746d11721c4dcdbdad8f713fa42b33f4 -> 
  custom:video-decoder-ogg-theora: a1e56fd34408186e4bbccfd4996cb3dc -> 
  custom:framework-win-MediaFoundation: 216162199b28c13a410421893ffa2e32 -> 
  custom:CustomObjectIndexerAttribute: a3ef5dd2817f97addfee359851a9dba5 -> 
  custom:container-demuxer-webm: 4f35f7cbe854078d1ac9338744f61a02 -> 
  custom:container-muxer-webm: aa71ff27fc2769a1b78a27578f13a17b -> 
  custom:video-decoder-webm-vp8: 9c59270c3fd7afecdb556c50c9e8de78 -> 
  custom:SearchIndexIgnoredProperties: e643bd26f0fe6173181afceb89e7c659 -> 
  custom:AudioImporter_EditorPlatform: d09bf68614088b80899f8185d706f6e7 -> 
  custom:video-encoder-webm-vp8: eb34c28f22e8b96e1ab97ce403110664 -> 
  custom:audio-decoder-ogg-vorbis: bf7c407c2cedff20999df2af8eb42d56 -> 
  custom:audio-encoder-webm-vorbis: bf7c407c2cedff20999df2af8eb42d56 -> 
========================================================================
Received Prepare
Begin MonoManager ReloadAssembly
- Loaded All Assemblies, in  0.612 seconds
Refreshing native plugins compatible for Editor in 6.41 ms, found 3 plugins.
Native extension for WindowsStandalone target not found
Native extension for WebGL target not found
System.Exception: Error! Visual Scripting: couldn't find visual scripting package
  at Unity.VisualScripting.PackageVersionUtility.get_version () [0x00043] in .\Library\PackageCache\com.unity.visualscripting@1.9.4\Editor\VisualScripting.Core\Utilities\PackageVersionUtility.cs:31 
  at Unity.VisualScripting.BoltCoreManifest.get_version () [0x00000] in .\Library\PackageCache\com.unity.visualscripting@1.9.4\Editor\VisualScripting.Core\Plugin\BoltCoreManifest.cs:11 
  at Unity.VisualScripting.PluginManifest.get_currentVersion () [0x00000] in .\Library\PackageCache\com.unity.visualscripting@1.9.4\Editor\VisualScripting.Core\Plugins\PluginManifest.cs:33 
  at Unity.VisualScripting.PluginManifest.get_versionMismatch () [0x00000] in .\Library\PackageCache\com.unity.visualscripting@1.9.4\Editor\VisualScripting.Core\Plugins\PluginManifest.cs:48 
  at Unity.VisualScripting.PluginContainer.Initialize () [0x00525] in .\Library\PackageCache\com.unity.visualscripting@1.9.4\Editor\VisualScripting.Core\Plugins\PluginContainer.cs:208 
  at Unity.VisualScripting.PluginContainer.InitializeOnLoad () [0x00009] in .\Library\PackageCache\com.unity.visualscripting@1.9.4\Editor\VisualScripting.Core\Plugins\PluginContainer.cs:32 
  at Unity.VisualScripting.VSUsageUtility.DoInitializeOnLoadCalls () [0x00034] in .\Library\PackageCache\com.unity.visualscripting@1.9.4\Editor\VisualScripting.Core\Utilities\VSUsageUtility.cs:76 
  at Unity.VisualScripting.VSUsageUtility.set_isVisualScriptingUsed (System.Boolean value) [0x0002c] in .\Library\PackageCache\com.unity.visualscripting@1.9.4\Editor\VisualScripting.Core\Utilities\VSUsageUtility.cs:114 
  at Unity.VisualScripting.VSUsageUtility.CheckAndSetIsVisualScriptingUsed () [0x0000d] in .\Library\PackageCache\com.unity.visualscripting@1.9.4\Editor\VisualScripting.Core\Utilities\VSUsageUtility.cs:33 
  at Unity.VisualScripting.VSUsageUtility..cctor () [0x00000] in .\Library\PackageCache\com.unity.visualscripting@1.9.4\Editor\VisualScripting.Core\Utilities\VSUsageUtility.cs:22 
UnityEngine.StackTraceUtility:ExtractStackTrace ()
UnityEngine.DebugLogHandler:LogFormat (UnityEngine.LogType,UnityEngine.Object,string,object[])
UnityEngine.Logger:Log (UnityEngine.LogType,object)
UnityEngine.Debug:LogError (object)
UnityEditor.EditorAssemblies:ProcessInitializeOnLoadAttributes (System.Type[])

[Package Manager] Server::EnsureServerProcessIsRunning -- launch failed, reason: Unity was launched with the -noUpm command-line argument
[Package Manager] UpmClient::Send -- Unable to send message (not connected to UPM process).
[Package Manager] Cannot connect to Unity Package Manager local server
Mono: successfully reloaded assembly
- Finished resetting the current domain, in  1.888 seconds
Domain Reload Profiling: 2495ms
	BeginReloadAssembly (215ms)
		ExecutionOrderSort (0ms)
		DisableScriptedObjects (4ms)
		BackupInstance (0ms)
		ReleaseScriptingObjects (0ms)
		CreateAndSetChildDomain (55ms)
	RebuildCommonClasses (48ms)
	RebuildNativeTypeToScriptingClass (15ms)
	initialDomainReloadingComplete (37ms)
	LoadAllAssembliesAndSetupDomain (292ms)
		LoadAssemblies (338ms)
		RebuildTransferFunctionScriptingTraits (0ms)
		AnalyzeDomain (58ms)
			TypeCache.Refresh (11ms)
				TypeCache.ScanAssembly (1ms)
			ScanForSourceGeneratedMonoScriptInfo (32ms)
			ResolveRequiredComponents (14ms)
	FinalizeReload (1888ms)
		ReleaseScriptCaches (0ms)
		RebuildScriptCaches (0ms)
		SetupLoadedEditorAssemblies (747ms)
			LogAssemblyErrors (0ms)
			InitializePlatformSupportModulesInManaged (7ms)
			SetLoadedEditorAssemblies (4ms)
			RefreshPlugins (0ms)
			BeforeProcessingInitializeOnLoad (84ms)
			ProcessInitializeOnLoadAttributes (571ms)
			ProcessInitializeOnLoadMethodAttributes (73ms)
			AfterProcessingInitializeOnLoad (9ms)
			EditorAssembliesLoaded (0ms)
		ExecutionOrderSort2 (0ms)
		AwakeInstancesAfterBackupRestoration (15ms)
Refreshing native plugins compatible for Editor in 4.99 ms, found 3 plugins.
Preloading 0 native plugins for Editor in 0.00 ms.
Unloading 5342 Unused Serialized files (Serialized files now loaded: 0)
Unloading 54 unused Assets / (0.9 MB). Loaded Objects now: 5988.
Memory consumption went from 197.2 MB to 196.3 MB.
Total: 13.344100 ms (FindLiveObjects: 0.388100 ms CreateObjectMapping: 0.210300 ms MarkObjects: 12.237900 ms  DeleteObjects: 0.506400 ms)

Prepare: number of updated asset objects reloaded= 0
AssetImportParameters requested are different than current active one (requested -> active):
  custom:container-demuxer-ogg: 62fdf1f143b41e24485cea50d1cbac27 -> 
  custom:video-codec-MediaFoundation-h265: 746d11721c4dcdbdad8f713fa42b33f4 -> 
  custom:video-decoder-ogg-theora: a1e56fd34408186e4bbccfd4996cb3dc -> 
  custom:framework-win-MediaFoundation: 216162199b28c13a410421893ffa2e32 -> 
  custom:CustomObjectIndexerAttribute: a3ef5dd2817f97addfee359851a9dba5 -> 
  custom:container-demuxer-webm: 4f35f7cbe854078d1ac9338744f61a02 -> 
  custom:container-muxer-webm: aa71ff27fc2769a1b78a27578f13a17b -> 
  custom:video-decoder-webm-vp8: 9c59270c3fd7afecdb556c50c9e8de78 -> 
  custom:SearchIndexIgnoredProperties: e643bd26f0fe6173181afceb89e7c659 -> 
  custom:AudioImporter_EditorPlatform: d09bf68614088b80899f8185d706f6e7 -> 
  custom:video-encoder-webm-vp8: eb34c28f22e8b96e1ab97ce403110664 -> 
  custom:audio-decoder-ogg-vorbis: bf7c407c2cedff20999df2af8eb42d56 -> 
  custom:audio-encoder-webm-vorbis: bf7c407c2cedff20999df2af8eb42d56 -> 
========================================================================
Received Prepare
Begin MonoManager ReloadAssembly
- Loaded All Assemblies, in  0.543 seconds
Refreshing native plugins compatible for Editor in 5.24 ms, found 3 plugins.
Native extension for WindowsStandalone target not found
Native extension for WebGL target not found
System.Exception: Error! Visual Scripting: couldn't find visual scripting package
  at Unity.VisualScripting.PackageVersionUtility.get_version () [0x00043] in .\Library\PackageCache\com.unity.visualscripting@1.9.4\Editor\VisualScripting.Core\Utilities\PackageVersionUtility.cs:31 
  at Unity.VisualScripting.BoltCoreManifest.get_version () [0x00000] in .\Library\PackageCache\com.unity.visualscripting@1.9.4\Editor\VisualScripting.Core\Plugin\BoltCoreManifest.cs:11 
  at Unity.VisualScripting.PluginManifest.get_currentVersion () [0x00000] in .\Library\PackageCache\com.unity.visualscripting@1.9.4\Editor\VisualScripting.Core\Plugins\PluginManifest.cs:33 
  at Unity.VisualScripting.PluginManifest.get_versionMismatch () [0x00000] in .\Library\PackageCache\com.unity.visualscripting@1.9.4\Editor\VisualScripting.Core\Plugins\PluginManifest.cs:48 
  at Unity.VisualScripting.PluginContainer.Initialize () [0x00525] in .\Library\PackageCache\com.unity.visualscripting@1.9.4\Editor\VisualScripting.Core\Plugins\PluginContainer.cs:208 
  at Unity.VisualScripting.PluginContainer.InitializeOnLoad () [0x00009] in .\Library\PackageCache\com.unity.visualscripting@1.9.4\Editor\VisualScripting.Core\Plugins\PluginContainer.cs:32 
  at Unity.VisualScripting.VSUsageUtility.DoInitializeOnLoadCalls () [0x00034] in .\Library\PackageCache\com.unity.visualscripting@1.9.4\Editor\VisualScripting.Core\Utilities\VSUsageUtility.cs:76 
  at Unity.VisualScripting.VSUsageUtility.set_isVisualScriptingUsed (System.Boolean value) [0x0002c] in .\Library\PackageCache\com.unity.visualscripting@1.9.4\Editor\VisualScripting.Core\Utilities\VSUsageUtility.cs:114 
  at Unity.VisualScripting.VSUsageUtility.CheckAndSetIsVisualScriptingUsed () [0x0000d] in .\Library\PackageCache\com.unity.visualscripting@1.9.4\Editor\VisualScripting.Core\Utilities\VSUsageUtility.cs:33 
  at Unity.VisualScripting.VSUsageUtility..cctor () [0x00000] in .\Library\PackageCache\com.unity.visualscripting@1.9.4\Editor\VisualScripting.Core\Utilities\VSUsageUtility.cs:22 
UnityEngine.StackTraceUtility:ExtractStackTrace ()
UnityEngine.DebugLogHandler:LogFormat (UnityEngine.LogType,UnityEngine.Object,string,object[])
UnityEngine.Logger:Log (UnityEngine.LogType,object)
UnityEngine.Debug:LogError (object)
UnityEditor.EditorAssemblies:ProcessInitializeOnLoadAttributes (System.Type[])

[Package Manager] Server::EnsureServerProcessIsRunning -- launch failed, reason: Unity was launched with the -noUpm command-line argument
[Package Manager] UpmClient::Send -- Unable to send message (not connected to UPM process).
[Package Manager] Cannot connect to Unity Package Manager local server
Mono: successfully reloaded assembly
- Finished resetting the current domain, in  2.047 seconds
Domain Reload Profiling: 2587ms
	BeginReloadAssembly (213ms)
		ExecutionOrderSort (0ms)
		DisableScriptedObjects (4ms)
		BackupInstance (0ms)
		ReleaseScriptingObjects (0ms)
		CreateAndSetChildDomain (48ms)
	RebuildCommonClasses (35ms)
	RebuildNativeTypeToScriptingClass (13ms)
	initialDomainReloadingComplete (30ms)
	LoadAllAssembliesAndSetupDomain (249ms)
		LoadAssemblies (324ms)
		RebuildTransferFunctionScriptingTraits (0ms)
		AnalyzeDomain (26ms)
			TypeCache.Refresh (7ms)
				TypeCache.ScanAssembly (0ms)
			ScanForSourceGeneratedMonoScriptInfo (0ms)
			ResolveRequiredComponents (17ms)
	FinalizeReload (2048ms)
		ReleaseScriptCaches (0ms)
		RebuildScriptCaches (0ms)
		SetupLoadedEditorAssemblies (810ms)
			LogAssemblyErrors (0ms)
			InitializePlatformSupportModulesInManaged (7ms)
			SetLoadedEditorAssemblies (3ms)
			RefreshPlugins (0ms)
			BeforeProcessingInitializeOnLoad (95ms)
			ProcessInitializeOnLoadAttributes (622ms)
			ProcessInitializeOnLoadMethodAttributes (71ms)
			AfterProcessingInitializeOnLoad (11ms)
			EditorAssembliesLoaded (0ms)
		ExecutionOrderSort2 (0ms)
		AwakeInstancesAfterBackupRestoration (23ms)
Refreshing native plugins compatible for Editor in 5.97 ms, found 3 plugins.
Preloading 0 native plugins for Editor in 0.00 ms.
Unloading 5342 Unused Serialized files (Serialized files now loaded: 0)
Unloading 54 unused Assets / (0.8 MB). Loaded Objects now: 6005.
Memory consumption went from 199.1 MB to 198.2 MB.
Total: 11.895600 ms (FindLiveObjects: 0.454200 ms CreateObjectMapping: 0.318700 ms MarkObjects: 10.612600 ms  DeleteObjects: 0.508100 ms)

Prepare: number of updated asset objects reloaded= 0
AssetImportParameters requested are different than current active one (requested -> active):
  custom:container-demuxer-ogg: 62fdf1f143b41e24485cea50d1cbac27 -> 
  custom:video-codec-MediaFoundation-h265: 746d11721c4dcdbdad8f713fa42b33f4 -> 
  custom:video-decoder-ogg-theora: a1e56fd34408186e4bbccfd4996cb3dc -> 
  custom:framework-win-MediaFoundation: 216162199b28c13a410421893ffa2e32 -> 
  custom:CustomObjectIndexerAttribute: a3ef5dd2817f97addfee359851a9dba5 -> 
  custom:container-demuxer-webm: 4f35f7cbe854078d1ac9338744f61a02 -> 
  custom:container-muxer-webm: aa71ff27fc2769a1b78a27578f13a17b -> 
  custom:video-decoder-webm-vp8: 9c59270c3fd7afecdb556c50c9e8de78 -> 
  custom:SearchIndexIgnoredProperties: e643bd26f0fe6173181afceb89e7c659 -> 
  custom:AudioImporter_EditorPlatform: d09bf68614088b80899f8185d706f6e7 -> 
  custom:video-encoder-webm-vp8: eb34c28f22e8b96e1ab97ce403110664 -> 
  custom:audio-decoder-ogg-vorbis: bf7c407c2cedff20999df2af8eb42d56 -> 
  custom:audio-encoder-webm-vorbis: bf7c407c2cedff20999df2af8eb42d56 -> 
========================================================================
Received Prepare
Begin MonoManager ReloadAssembly
- Loaded All Assemblies, in  0.402 seconds
Refreshing native plugins compatible for Editor in 5.36 ms, found 3 plugins.
Native extension for WindowsStandalone target not found
Native extension for WebGL target not found
System.Exception: Error! Visual Scripting: couldn't find visual scripting package
  at Unity.VisualScripting.PackageVersionUtility.get_version () [0x00043] in .\Library\PackageCache\com.unity.visualscripting@1.9.4\Editor\VisualScripting.Core\Utilities\PackageVersionUtility.cs:31 
  at Unity.VisualScripting.BoltCoreManifest.get_version () [0x00000] in .\Library\PackageCache\com.unity.visualscripting@1.9.4\Editor\VisualScripting.Core\Plugin\BoltCoreManifest.cs:11 
  at Unity.VisualScripting.PluginManifest.get_currentVersion () [0x00000] in .\Library\PackageCache\com.unity.visualscripting@1.9.4\Editor\VisualScripting.Core\Plugins\PluginManifest.cs:33 
  at Unity.VisualScripting.PluginManifest.get_versionMismatch () [0x00000] in .\Library\PackageCache\com.unity.visualscripting@1.9.4\Editor\VisualScripting.Core\Plugins\PluginManifest.cs:48 
  at Unity.VisualScripting.PluginContainer.Initialize () [0x00525] in .\Library\PackageCache\com.unity.visualscripting@1.9.4\Editor\VisualScripting.Core\Plugins\PluginContainer.cs:208 
  at Unity.VisualScripting.PluginContainer.InitializeOnLoad () [0x00009] in .\Library\PackageCache\com.unity.visualscripting@1.9.4\Editor\VisualScripting.Core\Plugins\PluginContainer.cs:32 
  at Unity.VisualScripting.VSUsageUtility.DoInitializeOnLoadCalls () [0x00034] in .\Library\PackageCache\com.unity.visualscripting@1.9.4\Editor\VisualScripting.Core\Utilities\VSUsageUtility.cs:76 
  at Unity.VisualScripting.VSUsageUtility.set_isVisualScriptingUsed (System.Boolean value) [0x0002c] in .\Library\PackageCache\com.unity.visualscripting@1.9.4\Editor\VisualScripting.Core\Utilities\VSUsageUtility.cs:114 
  at Unity.VisualScripting.VSUsageUtility.CheckAndSetIsVisualScriptingUsed () [0x0000d] in .\Library\PackageCache\com.unity.visualscripting@1.9.4\Editor\VisualScripting.Core\Utilities\VSUsageUtility.cs:33 
  at Unity.VisualScripting.VSUsageUtility..cctor () [0x00000] in .\Library\PackageCache\com.unity.visualscripting@1.9.4\Editor\VisualScripting.Core\Utilities\VSUsageUtility.cs:22 
UnityEngine.StackTraceUtility:ExtractStackTrace ()
UnityEngine.DebugLogHandler:LogFormat (UnityEngine.LogType,UnityEngine.Object,string,object[])
UnityEngine.Logger:Log (UnityEngine.LogType,object)
UnityEngine.Debug:LogError (object)
UnityEditor.EditorAssemblies:ProcessInitializeOnLoadAttributes (System.Type[])

[Package Manager] Server::EnsureServerProcessIsRunning -- launch failed, reason: Unity was launched with the -noUpm command-line argument
[Package Manager] UpmClient::Send -- Unable to send message (not connected to UPM process).
[Package Manager] Cannot connect to Unity Package Manager local server
Mono: successfully reloaded assembly
- Finished resetting the current domain, in  1.596 seconds
Domain Reload Profiling: 1995ms
	BeginReloadAssembly (156ms)
		ExecutionOrderSort (0ms)
		DisableScriptedObjects (5ms)
		BackupInstance (0ms)
		ReleaseScriptingObjects (0ms)
		CreateAndSetChildDomain (39ms)
	RebuildCommonClasses (35ms)
	RebuildNativeTypeToScriptingClass (9ms)
	initialDomainReloadingComplete (23ms)
	LoadAllAssembliesAndSetupDomain (176ms)
		LoadAssemblies (225ms)
		RebuildTransferFunctionScriptingTraits (0ms)
		AnalyzeDomain (18ms)
			TypeCache.Refresh (6ms)
				TypeCache.ScanAssembly (0ms)
			ScanForSourceGeneratedMonoScriptInfo (0ms)
			ResolveRequiredComponents (10ms)
	FinalizeReload (1596ms)
		ReleaseScriptCaches (0ms)
		RebuildScriptCaches (0ms)
		SetupLoadedEditorAssemblies (650ms)
			LogAssemblyErrors (0ms)
			InitializePlatformSupportModulesInManaged (7ms)
			SetLoadedEditorAssemblies (3ms)
			RefreshPlugins (0ms)
			BeforeProcessingInitializeOnLoad (76ms)
			ProcessInitializeOnLoadAttributes (499ms)
			ProcessInitializeOnLoadMethodAttributes (59ms)
			AfterProcessingInitializeOnLoad (7ms)
			EditorAssembliesLoaded (0ms)
		ExecutionOrderSort2 (0ms)
		AwakeInstancesAfterBackupRestoration (15ms)
Refreshing native plugins compatible for Editor in 3.60 ms, found 3 plugins.
Preloading 0 native plugins for Editor in 0.00 ms.
Unloading 5342 Unused Serialized files (Serialized files now loaded: 0)
Unloading 54 unused Assets / (0.8 MB). Loaded Objects now: 6022.
Memory consumption went from 201.0 MB to 200.2 MB.
Total: 10.089300 ms (FindLiveObjects: 0.497300 ms CreateObjectMapping: 0.519700 ms MarkObjects: 8.619800 ms  DeleteObjects: 0.450500 ms)

Prepare: number of updated asset objects reloaded= 0
AssetImportParameters requested are different than current active one (requested -> active):
  custom:container-demuxer-ogg: 62fdf1f143b41e24485cea50d1cbac27 -> 
  custom:video-codec-MediaFoundation-h265: 746d11721c4dcdbdad8f713fa42b33f4 -> 
  custom:video-decoder-ogg-theora: a1e56fd34408186e4bbccfd4996cb3dc -> 
  custom:framework-win-MediaFoundation: 216162199b28c13a410421893ffa2e32 -> 
  custom:CustomObjectIndexerAttribute: a3ef5dd2817f97addfee359851a9dba5 -> 
  custom:container-demuxer-webm: 4f35f7cbe854078d1ac9338744f61a02 -> 
  custom:container-muxer-webm: aa71ff27fc2769a1b78a27578f13a17b -> 
  custom:video-decoder-webm-vp8: 9c59270c3fd7afecdb556c50c9e8de78 -> 
  custom:SearchIndexIgnoredProperties: e643bd26f0fe6173181afceb89e7c659 -> 
  custom:AudioImporter_EditorPlatform: d09bf68614088b80899f8185d706f6e7 -> 
  custom:video-encoder-webm-vp8: eb34c28f22e8b96e1ab97ce403110664 -> 
  custom:audio-decoder-ogg-vorbis: bf7c407c2cedff20999df2af8eb42d56 -> 
  custom:audio-encoder-webm-vorbis: bf7c407c2cedff20999df2af8eb42d56 -> 
========================================================================
Received Prepare
Begin MonoManager ReloadAssembly
- Loaded All Assemblies, in  0.455 seconds
Refreshing native plugins compatible for Editor in 3.44 ms, found 3 plugins.
Native extension for WindowsStandalone target not found
Native extension for WebGL target not found
System.Exception: Error! Visual Scripting: couldn't find visual scripting package
  at Unity.VisualScripting.PackageVersionUtility.get_version () [0x00043] in .\Library\PackageCache\com.unity.visualscripting@1.9.4\Editor\VisualScripting.Core\Utilities\PackageVersionUtility.cs:31 
  at Unity.VisualScripting.BoltCoreManifest.get_version () [0x00000] in .\Library\PackageCache\com.unity.visualscripting@1.9.4\Editor\VisualScripting.Core\Plugin\BoltCoreManifest.cs:11 
  at Unity.VisualScripting.PluginManifest.get_currentVersion () [0x00000] in .\Library\PackageCache\com.unity.visualscripting@1.9.4\Editor\VisualScripting.Core\Plugins\PluginManifest.cs:33 
  at Unity.VisualScripting.PluginManifest.get_versionMismatch () [0x00000] in .\Library\PackageCache\com.unity.visualscripting@1.9.4\Editor\VisualScripting.Core\Plugins\PluginManifest.cs:48 
  at Unity.VisualScripting.PluginContainer.Initialize () [0x00525] in .\Library\PackageCache\com.unity.visualscripting@1.9.4\Editor\VisualScripting.Core\Plugins\PluginContainer.cs:208 
  at Unity.VisualScripting.PluginContainer.InitializeOnLoad () [0x00009] in .\Library\PackageCache\com.unity.visualscripting@1.9.4\Editor\VisualScripting.Core\Plugins\PluginContainer.cs:32 
  at Unity.VisualScripting.VSUsageUtility.DoInitializeOnLoadCalls () [0x00034] in .\Library\PackageCache\com.unity.visualscripting@1.9.4\Editor\VisualScripting.Core\Utilities\VSUsageUtility.cs:76 
  at Unity.VisualScripting.VSUsageUtility.set_isVisualScriptingUsed (System.Boolean value) [0x0002c] in .\Library\PackageCache\com.unity.visualscripting@1.9.4\Editor\VisualScripting.Core\Utilities\VSUsageUtility.cs:114 
  at Unity.VisualScripting.VSUsageUtility.CheckAndSetIsVisualScriptingUsed () [0x0000d] in .\Library\PackageCache\com.unity.visualscripting@1.9.4\Editor\VisualScripting.Core\Utilities\VSUsageUtility.cs:33 
  at Unity.VisualScripting.VSUsageUtility..cctor () [0x00000] in .\Library\PackageCache\com.unity.visualscripting@1.9.4\Editor\VisualScripting.Core\Utilities\VSUsageUtility.cs:22 
UnityEngine.StackTraceUtility:ExtractStackTrace ()
UnityEngine.DebugLogHandler:LogFormat (UnityEngine.LogType,UnityEngine.Object,string,object[])
UnityEngine.Logger:Log (UnityEngine.LogType,object)
UnityEngine.Debug:LogError (object)
UnityEditor.EditorAssemblies:ProcessInitializeOnLoadAttributes (System.Type[])

[Package Manager] Server::EnsureServerProcessIsRunning -- launch failed, reason: Unity was launched with the -noUpm command-line argument
[Package Manager] UpmClient::Send -- Unable to send message (not connected to UPM process).
[Package Manager] Cannot connect to Unity Package Manager local server
Mono: successfully reloaded assembly
- Finished resetting the current domain, in  1.606 seconds
Domain Reload Profiling: 2059ms
	BeginReloadAssembly (155ms)
		ExecutionOrderSort (0ms)
		DisableScriptedObjects (4ms)
		BackupInstance (0ms)
		ReleaseScriptingObjects (0ms)
		CreateAndSetChildDomain (40ms)
	RebuildCommonClasses (28ms)
	RebuildNativeTypeToScriptingClass (10ms)
	initialDomainReloadingComplete (27ms)
	LoadAllAssembliesAndSetupDomain (232ms)
		LoadAssemblies (247ms)
		RebuildTransferFunctionScriptingTraits (0ms)
		AnalyzeDomain (50ms)
			TypeCache.Refresh (9ms)
				TypeCache.ScanAssembly (0ms)
			ScanForSourceGeneratedMonoScriptInfo (29ms)
			ResolveRequiredComponents (12ms)
	FinalizeReload (1607ms)
		ReleaseScriptCaches (0ms)
		RebuildScriptCaches (0ms)
		SetupLoadedEditorAssemblies (627ms)
			LogAssemblyErrors (0ms)
			InitializePlatformSupportModulesInManaged (6ms)
			SetLoadedEditorAssemblies (3ms)
			RefreshPlugins (0ms)
			BeforeProcessingInitializeOnLoad (72ms)
			ProcessInitializeOnLoadAttributes (491ms)
			ProcessInitializeOnLoadMethodAttributes (49ms)
			AfterProcessingInitializeOnLoad (5ms)
			EditorAssembliesLoaded (0ms)
		ExecutionOrderSort2 (0ms)
		AwakeInstancesAfterBackupRestoration (12ms)
Refreshing native plugins compatible for Editor in 4.07 ms, found 3 plugins.
Preloading 0 native plugins for Editor in 0.00 ms.
Unloading 5343 Unused Serialized files (Serialized files now loaded: 0)
Unloading 54 unused Assets / (0.8 MB). Loaded Objects now: 6040.
Memory consumption went from 202.8 MB to 202.0 MB.
Total: 9.407900 ms (FindLiveObjects: 0.370100 ms CreateObjectMapping: 0.209100 ms MarkObjects: 8.373000 ms  DeleteObjects: 0.454400 ms)

Prepare: number of updated asset objects reloaded= 0
AssetImportParameters requested are different than current active one (requested -> active):
  custom:container-demuxer-ogg: 62fdf1f143b41e24485cea50d1cbac27 -> 
  custom:video-codec-MediaFoundation-h265: 746d11721c4dcdbdad8f713fa42b33f4 -> 
  custom:video-decoder-ogg-theora: a1e56fd34408186e4bbccfd4996cb3dc -> 
  custom:framework-win-MediaFoundation: 216162199b28c13a410421893ffa2e32 -> 
  custom:CustomObjectIndexerAttribute: a3ef5dd2817f97addfee359851a9dba5 -> 
  custom:container-demuxer-webm: 4f35f7cbe854078d1ac9338744f61a02 -> 
  custom:container-muxer-webm: aa71ff27fc2769a1b78a27578f13a17b -> 
  custom:video-decoder-webm-vp8: 9c59270c3fd7afecdb556c50c9e8de78 -> 
  custom:SearchIndexIgnoredProperties: e643bd26f0fe6173181afceb89e7c659 -> 
  custom:AudioImporter_EditorPlatform: d09bf68614088b80899f8185d706f6e7 -> 
  custom:video-encoder-webm-vp8: eb34c28f22e8b96e1ab97ce403110664 -> 
  custom:audio-decoder-ogg-vorbis: bf7c407c2cedff20999df2af8eb42d56 -> 
  custom:audio-encoder-webm-vorbis: bf7c407c2cedff20999df2af8eb42d56 -> 
========================================================================
Received Prepare
Begin MonoManager ReloadAssembly
- Loaded All Assemblies, in  0.435 seconds
Refreshing native plugins compatible for Editor in 3.71 ms, found 3 plugins.
Native extension for WindowsStandalone target not found
Native extension for WebGL target not found
System.Exception: Error! Visual Scripting: couldn't find visual scripting package
  at Unity.VisualScripting.PackageVersionUtility.get_version () [0x00043] in .\Library\PackageCache\com.unity.visualscripting@1.9.4\Editor\VisualScripting.Core\Utilities\PackageVersionUtility.cs:31 
  at Unity.VisualScripting.BoltCoreManifest.get_version () [0x00000] in .\Library\PackageCache\com.unity.visualscripting@1.9.4\Editor\VisualScripting.Core\Plugin\BoltCoreManifest.cs:11 
  at Unity.VisualScripting.PluginManifest.get_currentVersion () [0x00000] in .\Library\PackageCache\com.unity.visualscripting@1.9.4\Editor\VisualScripting.Core\Plugins\PluginManifest.cs:33 
  at Unity.VisualScripting.PluginManifest.get_versionMismatch () [0x00000] in .\Library\PackageCache\com.unity.visualscripting@1.9.4\Editor\VisualScripting.Core\Plugins\PluginManifest.cs:48 
  at Unity.VisualScripting.PluginContainer.Initialize () [0x00525] in .\Library\PackageCache\com.unity.visualscripting@1.9.4\Editor\VisualScripting.Core\Plugins\PluginContainer.cs:208 
  at Unity.VisualScripting.PluginContainer.InitializeOnLoad () [0x00009] in .\Library\PackageCache\com.unity.visualscripting@1.9.4\Editor\VisualScripting.Core\Plugins\PluginContainer.cs:32 
  at Unity.VisualScripting.VSUsageUtility.DoInitializeOnLoadCalls () [0x00034] in .\Library\PackageCache\com.unity.visualscripting@1.9.4\Editor\VisualScripting.Core\Utilities\VSUsageUtility.cs:76 
  at Unity.VisualScripting.VSUsageUtility.set_isVisualScriptingUsed (System.Boolean value) [0x0002c] in .\Library\PackageCache\com.unity.visualscripting@1.9.4\Editor\VisualScripting.Core\Utilities\VSUsageUtility.cs:114 
  at Unity.VisualScripting.VSUsageUtility.CheckAndSetIsVisualScriptingUsed () [0x0000d] in .\Library\PackageCache\com.unity.visualscripting@1.9.4\Editor\VisualScripting.Core\Utilities\VSUsageUtility.cs:33 
  at Unity.VisualScripting.VSUsageUtility..cctor () [0x00000] in .\Library\PackageCache\com.unity.visualscripting@1.9.4\Editor\VisualScripting.Core\Utilities\VSUsageUtility.cs:22 
UnityEngine.StackTraceUtility:ExtractStackTrace ()
UnityEngine.DebugLogHandler:LogFormat (UnityEngine.LogType,UnityEngine.Object,string,object[])
UnityEngine.Logger:Log (UnityEngine.LogType,object)
UnityEngine.Debug:LogError (object)
UnityEditor.EditorAssemblies:ProcessInitializeOnLoadAttributes (System.Type[])

[Package Manager] Server::EnsureServerProcessIsRunning -- launch failed, reason: Unity was launched with the -noUpm command-line argument
[Package Manager] UpmClient::Send -- Unable to send message (not connected to UPM process).
[Package Manager] Cannot connect to Unity Package Manager local server
Mono: successfully reloaded assembly
- Finished resetting the current domain, in  1.375 seconds
Domain Reload Profiling: 1808ms
	BeginReloadAssembly (159ms)
		ExecutionOrderSort (0ms)
		DisableScriptedObjects (3ms)
		BackupInstance (0ms)
		ReleaseScriptingObjects (0ms)
		CreateAndSetChildDomain (47ms)
	RebuildCommonClasses (31ms)
	RebuildNativeTypeToScriptingClass (10ms)
	initialDomainReloadingComplete (25ms)
	LoadAllAssembliesAndSetupDomain (206ms)
		LoadAssemblies (232ms)
		RebuildTransferFunctionScriptingTraits (0ms)
		AnalyzeDomain (39ms)
			TypeCache.Refresh (10ms)
				TypeCache.ScanAssembly (1ms)
			ScanForSourceGeneratedMonoScriptInfo (18ms)
			ResolveRequiredComponents (10ms)
	FinalizeReload (1375ms)
		ReleaseScriptCaches (0ms)
		RebuildScriptCaches (0ms)
		SetupLoadedEditorAssemblies (552ms)
			LogAssemblyErrors (0ms)
			InitializePlatformSupportModulesInManaged (6ms)
			SetLoadedEditorAssemblies (4ms)
			RefreshPlugins (0ms)
			BeforeProcessingInitializeOnLoad (60ms)
			ProcessInitializeOnLoadAttributes (416ms)
			ProcessInitializeOnLoadMethodAttributes (58ms)
			AfterProcessingInitializeOnLoad (7ms)
			EditorAssembliesLoaded (0ms)
		ExecutionOrderSort2 (0ms)
		AwakeInstancesAfterBackupRestoration (14ms)
Refreshing native plugins compatible for Editor in 3.67 ms, found 3 plugins.
Preloading 0 native plugins for Editor in 0.00 ms.
Unloading 5343 Unused Serialized files (Serialized files now loaded: 0)
Unloading 54 unused Assets / (0.8 MB). Loaded Objects now: 6057.
Memory consumption went from 204.8 MB to 204.0 MB.
Total: 11.807800 ms (FindLiveObjects: 0.359700 ms CreateObjectMapping: 0.194300 ms MarkObjects: 10.884200 ms  DeleteObjects: 0.367800 ms)

Prepare: number of updated asset objects reloaded= 0
AssetImportParameters requested are different than current active one (requested -> active):
  custom:container-demuxer-ogg: 62fdf1f143b41e24485cea50d1cbac27 -> 
  custom:video-codec-MediaFoundation-h265: 746d11721c4dcdbdad8f713fa42b33f4 -> 
  custom:video-decoder-ogg-theora: a1e56fd34408186e4bbccfd4996cb3dc -> 
  custom:framework-win-MediaFoundation: 216162199b28c13a410421893ffa2e32 -> 
  custom:CustomObjectIndexerAttribute: a3ef5dd2817f97addfee359851a9dba5 -> 
  custom:container-demuxer-webm: 4f35f7cbe854078d1ac9338744f61a02 -> 
  custom:container-muxer-webm: aa71ff27fc2769a1b78a27578f13a17b -> 
  custom:video-decoder-webm-vp8: 9c59270c3fd7afecdb556c50c9e8de78 -> 
  custom:SearchIndexIgnoredProperties: e643bd26f0fe6173181afceb89e7c659 -> 
  custom:AudioImporter_EditorPlatform: d09bf68614088b80899f8185d706f6e7 -> 
  custom:video-encoder-webm-vp8: eb34c28f22e8b96e1ab97ce403110664 -> 
  custom:audio-decoder-ogg-vorbis: bf7c407c2cedff20999df2af8eb42d56 -> 
  custom:audio-encoder-webm-vorbis: bf7c407c2cedff20999df2af8eb42d56 -> 
========================================================================
Received Prepare
Begin MonoManager ReloadAssembly
- Loaded All Assemblies, in  0.449 seconds
Refreshing native plugins compatible for Editor in 3.79 ms, found 3 plugins.
Native extension for WindowsStandalone target not found
Native extension for WebGL target not found
System.Exception: Error! Visual Scripting: couldn't find visual scripting package
  at Unity.VisualScripting.PackageVersionUtility.get_version () [0x00043] in .\Library\PackageCache\com.unity.visualscripting@1.9.4\Editor\VisualScripting.Core\Utilities\PackageVersionUtility.cs:31 
  at Unity.VisualScripting.BoltCoreManifest.get_version () [0x00000] in .\Library\PackageCache\com.unity.visualscripting@1.9.4\Editor\VisualScripting.Core\Plugin\BoltCoreManifest.cs:11 
  at Unity.VisualScripting.PluginManifest.get_currentVersion () [0x00000] in .\Library\PackageCache\com.unity.visualscripting@1.9.4\Editor\VisualScripting.Core\Plugins\PluginManifest.cs:33 
  at Unity.VisualScripting.PluginManifest.get_versionMismatch () [0x00000] in .\Library\PackageCache\com.unity.visualscripting@1.9.4\Editor\VisualScripting.Core\Plugins\PluginManifest.cs:48 
  at Unity.VisualScripting.PluginContainer.Initialize () [0x00525] in .\Library\PackageCache\com.unity.visualscripting@1.9.4\Editor\VisualScripting.Core\Plugins\PluginContainer.cs:208 
  at Unity.VisualScripting.PluginContainer.InitializeOnLoad () [0x00009] in .\Library\PackageCache\com.unity.visualscripting@1.9.4\Editor\VisualScripting.Core\Plugins\PluginContainer.cs:32 
  at Unity.VisualScripting.VSUsageUtility.DoInitializeOnLoadCalls () [0x00034] in .\Library\PackageCache\com.unity.visualscripting@1.9.4\Editor\VisualScripting.Core\Utilities\VSUsageUtility.cs:76 
  at Unity.VisualScripting.VSUsageUtility.set_isVisualScriptingUsed (System.Boolean value) [0x0002c] in .\Library\PackageCache\com.unity.visualscripting@1.9.4\Editor\VisualScripting.Core\Utilities\VSUsageUtility.cs:114 
  at Unity.VisualScripting.VSUsageUtility.CheckAndSetIsVisualScriptingUsed () [0x0000d] in .\Library\PackageCache\com.unity.visualscripting@1.9.4\Editor\VisualScripting.Core\Utilities\VSUsageUtility.cs:33 
  at Unity.VisualScripting.VSUsageUtility..cctor () [0x00000] in .\Library\PackageCache\com.unity.visualscripting@1.9.4\Editor\VisualScripting.Core\Utilities\VSUsageUtility.cs:22 
UnityEngine.StackTraceUtility:ExtractStackTrace ()
UnityEngine.DebugLogHandler:LogFormat (UnityEngine.LogType,UnityEngine.Object,string,object[])
UnityEngine.Logger:Log (UnityEngine.LogType,object)
UnityEngine.Debug:LogError (object)
UnityEditor.EditorAssemblies:ProcessInitializeOnLoadAttributes (System.Type[])

[Package Manager] Server::EnsureServerProcessIsRunning -- launch failed, reason: Unity was launched with the -noUpm command-line argument
[Package Manager] UpmClient::Send -- Unable to send message (not connected to UPM process).
[Package Manager] Cannot connect to Unity Package Manager local server
Mono: successfully reloaded assembly
- Finished resetting the current domain, in  1.459 seconds
Domain Reload Profiling: 1905ms
	BeginReloadAssembly (160ms)
		ExecutionOrderSort (0ms)
		DisableScriptedObjects (3ms)
		BackupInstance (0ms)
		ReleaseScriptingObjects (0ms)
		CreateAndSetChildDomain (40ms)
	RebuildCommonClasses (37ms)
	RebuildNativeTypeToScriptingClass (17ms)
	initialDomainReloadingComplete (26ms)
	LoadAllAssembliesAndSetupDomain (207ms)
		LoadAssemblies (243ms)
		RebuildTransferFunctionScriptingTraits (0ms)
		AnalyzeDomain (39ms)
			TypeCache.Refresh (9ms)
				TypeCache.ScanAssembly (1ms)
			ScanForSourceGeneratedMonoScriptInfo (18ms)
			ResolveRequiredComponents (10ms)
	FinalizeReload (1459ms)
		ReleaseScriptCaches (0ms)
		RebuildScriptCaches (0ms)
		SetupLoadedEditorAssemblies (596ms)
			LogAssemblyErrors (0ms)
			InitializePlatformSupportModulesInManaged (7ms)
			SetLoadedEditorAssemblies (3ms)
			RefreshPlugins (0ms)
			BeforeProcessingInitializeOnLoad (63ms)
			ProcessInitializeOnLoadAttributes (463ms)
			ProcessInitializeOnLoadMethodAttributes (55ms)
			AfterProcessingInitializeOnLoad (5ms)
			EditorAssembliesLoaded (0ms)
		ExecutionOrderSort2 (0ms)
		AwakeInstancesAfterBackupRestoration (13ms)
Refreshing native plugins compatible for Editor in 4.15 ms, found 3 plugins.
Preloading 0 native plugins for Editor in 0.00 ms.
Unloading 5343 Unused Serialized files (Serialized files now loaded: 0)
Unloading 54 unused Assets / (0.9 MB). Loaded Objects now: 6074.
Memory consumption went from 206.8 MB to 206.0 MB.
Total: 10.225200 ms (FindLiveObjects: 0.533000 ms CreateObjectMapping: 0.434400 ms MarkObjects: 8.785600 ms  DeleteObjects: 0.470200 ms)

Prepare: number of updated asset objects reloaded= 0
AssetImportParameters requested are different than current active one (requested -> active):
  custom:container-demuxer-ogg: 62fdf1f143b41e24485cea50d1cbac27 -> 
  custom:video-codec-MediaFoundation-h265: 746d11721c4dcdbdad8f713fa42b33f4 -> 
  custom:video-decoder-ogg-theora: a1e56fd34408186e4bbccfd4996cb3dc -> 
  custom:framework-win-MediaFoundation: 216162199b28c13a410421893ffa2e32 -> 
  custom:CustomObjectIndexerAttribute: a3ef5dd2817f97addfee359851a9dba5 -> 
  custom:container-demuxer-webm: 4f35f7cbe854078d1ac9338744f61a02 -> 
  custom:container-muxer-webm: aa71ff27fc2769a1b78a27578f13a17b -> 
  custom:video-decoder-webm-vp8: 9c59270c3fd7afecdb556c50c9e8de78 -> 
  custom:SearchIndexIgnoredProperties: e643bd26f0fe6173181afceb89e7c659 -> 
  custom:AudioImporter_EditorPlatform: d09bf68614088b80899f8185d706f6e7 -> 
  custom:video-encoder-webm-vp8: eb34c28f22e8b96e1ab97ce403110664 -> 
  custom:audio-decoder-ogg-vorbis: bf7c407c2cedff20999df2af8eb42d56 -> 
  custom:audio-encoder-webm-vorbis: bf7c407c2cedff20999df2af8eb42d56 -> 
========================================================================
Received Import Request.
  Time since last request: 3094358.634632 seconds.
  path: Assets/Scripts/Mechanisms/FinalRiddle/LeverBlockadeScript.cs
  artifactKey: Guid(798b3e035101a3740976b767e5ffab72) Importer(815301076,1909f56bfc062723c751e8b465ee728b)
Start importing Assets/Scripts/Mechanisms/FinalRiddle/LeverBlockadeScript.cs using Guid(798b3e035101a3740976b767e5ffab72) Importer(815301076,1909f56bfc062723c751e8b465ee728b)  -> (artifact id: '6f3367e35abb03e6397d300bb3d815b1') in 0.002174 seconds
Number of updated asset objects reloaded before import = 0
Number of asset objects unloaded after import = 0
========================================================================
Received Prepare
Begin MonoManager ReloadAssembly
- Loaded All Assemblies, in  0.447 seconds
Refreshing native plugins compatible for Editor in 3.25 ms, found 3 plugins.
Native extension for WindowsStandalone target not found
Native extension for WebGL target not found
System.Exception: Error! Visual Scripting: couldn't find visual scripting package
  at Unity.VisualScripting.PackageVersionUtility.get_version () [0x00043] in .\Library\PackageCache\com.unity.visualscripting@1.9.4\Editor\VisualScripting.Core\Utilities\PackageVersionUtility.cs:31 
  at Unity.VisualScripting.BoltCoreManifest.get_version () [0x00000] in .\Library\PackageCache\com.unity.visualscripting@1.9.4\Editor\VisualScripting.Core\Plugin\BoltCoreManifest.cs:11 
  at Unity.VisualScripting.PluginManifest.get_currentVersion () [0x00000] in .\Library\PackageCache\com.unity.visualscripting@1.9.4\Editor\VisualScripting.Core\Plugins\PluginManifest.cs:33 
  at Unity.VisualScripting.PluginManifest.get_versionMismatch () [0x00000] in .\Library\PackageCache\com.unity.visualscripting@1.9.4\Editor\VisualScripting.Core\Plugins\PluginManifest.cs:48 
  at Unity.VisualScripting.PluginContainer.Initialize () [0x00525] in .\Library\PackageCache\com.unity.visualscripting@1.9.4\Editor\VisualScripting.Core\Plugins\PluginContainer.cs:208 
  at Unity.VisualScripting.PluginContainer.InitializeOnLoad () [0x00009] in .\Library\PackageCache\com.unity.visualscripting@1.9.4\Editor\VisualScripting.Core\Plugins\PluginContainer.cs:32 
  at Unity.VisualScripting.VSUsageUtility.DoInitializeOnLoadCalls () [0x00034] in .\Library\PackageCache\com.unity.visualscripting@1.9.4\Editor\VisualScripting.Core\Utilities\VSUsageUtility.cs:76 
  at Unity.VisualScripting.VSUsageUtility.set_isVisualScriptingUsed (System.Boolean value) [0x0002c] in .\Library\PackageCache\com.unity.visualscripting@1.9.4\Editor\VisualScripting.Core\Utilities\VSUsageUtility.cs:114 
  at Unity.VisualScripting.VSUsageUtility.CheckAndSetIsVisualScriptingUsed () [0x0000d] in .\Library\PackageCache\com.unity.visualscripting@1.9.4\Editor\VisualScripting.Core\Utilities\VSUsageUtility.cs:33 
  at Unity.VisualScripting.VSUsageUtility..cctor () [0x00000] in .\Library\PackageCache\com.unity.visualscripting@1.9.4\Editor\VisualScripting.Core\Utilities\VSUsageUtility.cs:22 
UnityEngine.StackTraceUtility:ExtractStackTrace ()
UnityEngine.DebugLogHandler:LogFormat (UnityEngine.LogType,UnityEngine.Object,string,object[])
UnityEngine.Logger:Log (UnityEngine.LogType,object)
UnityEngine.Debug:LogError (object)
UnityEditor.EditorAssemblies:ProcessInitializeOnLoadAttributes (System.Type[])

[Package Manager] Server::EnsureServerProcessIsRunning -- launch failed, reason: Unity was launched with the -noUpm command-line argument
[Package Manager] UpmClient::Send -- Unable to send message (not connected to UPM process).
[Package Manager] Cannot connect to Unity Package Manager local server
Mono: successfully reloaded assembly
- Finished resetting the current domain, in  1.602 seconds
Domain Reload Profiling: 2045ms
	BeginReloadAssembly (166ms)
		ExecutionOrderSort (0ms)
		DisableScriptedObjects (3ms)
		BackupInstance (0ms)
		ReleaseScriptingObjects (0ms)
		CreateAndSetChildDomain (46ms)
	RebuildCommonClasses (39ms)
	RebuildNativeTypeToScriptingClass (9ms)
	initialDomainReloadingComplete (26ms)
	LoadAllAssembliesAndSetupDomain (204ms)
		LoadAssemblies (232ms)
		RebuildTransferFunctionScriptingTraits (0ms)
		AnalyzeDomain (40ms)
			TypeCache.Refresh (9ms)
				TypeCache.ScanAssembly (1ms)
			ScanForSourceGeneratedMonoScriptInfo (19ms)
			ResolveRequiredComponents (10ms)
	FinalizeReload (1602ms)
		ReleaseScriptCaches (0ms)
		RebuildScriptCaches (0ms)
		SetupLoadedEditorAssemblies (751ms)
			LogAssemblyErrors (0ms)
			InitializePlatformSupportModulesInManaged (7ms)
			SetLoadedEditorAssemblies (4ms)
			RefreshPlugins (0ms)
			BeforeProcessingInitializeOnLoad (90ms)
			ProcessInitializeOnLoadAttributes (590ms)
			ProcessInitializeOnLoadMethodAttributes (54ms)
			AfterProcessingInitializeOnLoad (6ms)
			EditorAssembliesLoaded (0ms)
		ExecutionOrderSort2 (0ms)
		AwakeInstancesAfterBackupRestoration (14ms)
Refreshing native plugins compatible for Editor in 4.81 ms, found 3 plugins.
Preloading 0 native plugins for Editor in 0.00 ms.
Unloading 5344 Unused Serialized files (Serialized files now loaded: 0)
Unloading 54 unused Assets / (0.9 MB). Loaded Objects now: 6092.
Memory consumption went from 208.8 MB to 207.9 MB.
Total: 10.089000 ms (FindLiveObjects: 0.405600 ms CreateObjectMapping: 0.205600 ms MarkObjects: 9.093700 ms  DeleteObjects: 0.382900 ms)

Prepare: number of updated asset objects reloaded= 0
AssetImportParameters requested are different than current active one (requested -> active):
  custom:container-demuxer-ogg: 62fdf1f143b41e24485cea50d1cbac27 -> 
  custom:video-codec-MediaFoundation-h265: 746d11721c4dcdbdad8f713fa42b33f4 -> 
  custom:video-decoder-ogg-theora: a1e56fd34408186e4bbccfd4996cb3dc -> 
  custom:framework-win-MediaFoundation: 216162199b28c13a410421893ffa2e32 -> 
  custom:CustomObjectIndexerAttribute: a3ef5dd2817f97addfee359851a9dba5 -> 
  custom:container-demuxer-webm: 4f35f7cbe854078d1ac9338744f61a02 -> 
  custom:container-muxer-webm: aa71ff27fc2769a1b78a27578f13a17b -> 
  custom:video-decoder-webm-vp8: 9c59270c3fd7afecdb556c50c9e8de78 -> 
  custom:SearchIndexIgnoredProperties: e643bd26f0fe6173181afceb89e7c659 -> 
  custom:AudioImporter_EditorPlatform: d09bf68614088b80899f8185d706f6e7 -> 
  custom:video-encoder-webm-vp8: eb34c28f22e8b96e1ab97ce403110664 -> 
  custom:audio-decoder-ogg-vorbis: bf7c407c2cedff20999df2af8eb42d56 -> 
  custom:audio-encoder-webm-vorbis: bf7c407c2cedff20999df2af8eb42d56 -> 
========================================================================
Received Import Request.
  Time since last request: 31.865606 seconds.
  path: Assets/Scripts/Mechanisms/FinalRiddle/PowerSwitchFRScript.cs
  artifactKey: Guid(6bbf17b2db64cc24a97da09ba101c2b8) Importer(815301076,1909f56bfc062723c751e8b465ee728b)
Start importing Assets/Scripts/Mechanisms/FinalRiddle/PowerSwitchFRScript.cs using Guid(6bbf17b2db64cc24a97da09ba101c2b8) Importer(815301076,1909f56bfc062723c751e8b465ee728b)  -> (artifact id: 'ea9d418c7721a71486622753bfc882f2') in 0.006897 seconds
Number of updated asset objects reloaded before import = 0
Number of asset objects unloaded after import = 0
========================================================================
Received Prepare
Begin MonoManager ReloadAssembly
- Loaded All Assemblies, in  0.547 seconds
Refreshing native plugins compatible for Editor in 3.71 ms, found 3 plugins.
Native extension for WindowsStandalone target not found
Native extension for WebGL target not found
System.Exception: Error! Visual Scripting: couldn't find visual scripting package
  at Unity.VisualScripting.PackageVersionUtility.get_version () [0x00043] in .\Library\PackageCache\com.unity.visualscripting@1.9.4\Editor\VisualScripting.Core\Utilities\PackageVersionUtility.cs:31 
  at Unity.VisualScripting.BoltCoreManifest.get_version () [0x00000] in .\Library\PackageCache\com.unity.visualscripting@1.9.4\Editor\VisualScripting.Core\Plugin\BoltCoreManifest.cs:11 
  at Unity.VisualScripting.PluginManifest.get_currentVersion () [0x00000] in .\Library\PackageCache\com.unity.visualscripting@1.9.4\Editor\VisualScripting.Core\Plugins\PluginManifest.cs:33 
  at Unity.VisualScripting.PluginManifest.get_versionMismatch () [0x00000] in .\Library\PackageCache\com.unity.visualscripting@1.9.4\Editor\VisualScripting.Core\Plugins\PluginManifest.cs:48 
  at Unity.VisualScripting.PluginContainer.Initialize () [0x00525] in .\Library\PackageCache\com.unity.visualscripting@1.9.4\Editor\VisualScripting.Core\Plugins\PluginContainer.cs:208 
  at Unity.VisualScripting.PluginContainer.InitializeOnLoad () [0x00009] in .\Library\PackageCache\com.unity.visualscripting@1.9.4\Editor\VisualScripting.Core\Plugins\PluginContainer.cs:32 
  at Unity.VisualScripting.VSUsageUtility.DoInitializeOnLoadCalls () [0x00034] in .\Library\PackageCache\com.unity.visualscripting@1.9.4\Editor\VisualScripting.Core\Utilities\VSUsageUtility.cs:76 
  at Unity.VisualScripting.VSUsageUtility.set_isVisualScriptingUsed (System.Boolean value) [0x0002c] in .\Library\PackageCache\com.unity.visualscripting@1.9.4\Editor\VisualScripting.Core\Utilities\VSUsageUtility.cs:114 
  at Unity.VisualScripting.VSUsageUtility.CheckAndSetIsVisualScriptingUsed () [0x0000d] in .\Library\PackageCache\com.unity.visualscripting@1.9.4\Editor\VisualScripting.Core\Utilities\VSUsageUtility.cs:33 
  at Unity.VisualScripting.VSUsageUtility..cctor () [0x00000] in .\Library\PackageCache\com.unity.visualscripting@1.9.4\Editor\VisualScripting.Core\Utilities\VSUsageUtility.cs:22 
UnityEngine.StackTraceUtility:ExtractStackTrace ()
UnityEngine.DebugLogHandler:LogFormat (UnityEngine.LogType,UnityEngine.Object,string,object[])
UnityEngine.Logger:Log (UnityEngine.LogType,object)
UnityEngine.Debug:LogError (object)
UnityEditor.EditorAssemblies:ProcessInitializeOnLoadAttributes (System.Type[])

[Package Manager] Server::EnsureServerProcessIsRunning -- launch failed, reason: Unity was launched with the -noUpm command-line argument
[Package Manager] UpmClient::Send -- Unable to send message (not connected to UPM process).
[Package Manager] Cannot connect to Unity Package Manager local server
Mono: successfully reloaded assembly
- Finished resetting the current domain, in  1.467 seconds
Domain Reload Profiling: 2010ms
	BeginReloadAssembly (214ms)
		ExecutionOrderSort (0ms)
		DisableScriptedObjects (6ms)
		BackupInstance (0ms)
		ReleaseScriptingObjects (0ms)
		CreateAndSetChildDomain (44ms)
	RebuildCommonClasses (38ms)
	RebuildNativeTypeToScriptingClass (10ms)
	initialDomainReloadingComplete (35ms)
	LoadAllAssembliesAndSetupDomain (246ms)
		LoadAssemblies (305ms)
		RebuildTransferFunctionScriptingTraits (0ms)
		AnalyzeDomain (45ms)
			TypeCache.Refresh (9ms)
				TypeCache.ScanAssembly (1ms)
			ScanForSourceGeneratedMonoScriptInfo (20ms)
			ResolveRequiredComponents (14ms)
	FinalizeReload (1467ms)
		ReleaseScriptCaches (0ms)
		RebuildScriptCaches (0ms)
		SetupLoadedEditorAssemblies (580ms)
			LogAssemblyErrors (0ms)
			InitializePlatformSupportModulesInManaged (8ms)
			SetLoadedEditorAssemblies (4ms)
			RefreshPlugins (0ms)
			BeforeProcessingInitializeOnLoad (65ms)
			ProcessInitializeOnLoadAttributes (439ms)
			ProcessInitializeOnLoadMethodAttributes (57ms)
			AfterProcessingInitializeOnLoad (8ms)
			EditorAssembliesLoaded (0ms)
		ExecutionOrderSort2 (0ms)
		AwakeInstancesAfterBackupRestoration (16ms)
Refreshing native plugins compatible for Editor in 4.22 ms, found 3 plugins.
Preloading 0 native plugins for Editor in 0.00 ms.
Unloading 5344 Unused Serialized files (Serialized files now loaded: 0)
Unloading 54 unused Assets / (0.9 MB). Loaded Objects now: 6109.
Memory consumption went from 210.7 MB to 209.9 MB.
Total: 9.566700 ms (FindLiveObjects: 0.403400 ms CreateObjectMapping: 0.221600 ms MarkObjects: 8.575300 ms  DeleteObjects: 0.365000 ms)

Prepare: number of updated asset objects reloaded= 0
AssetImportParameters requested are different than current active one (requested -> active):
  custom:container-demuxer-ogg: 62fdf1f143b41e24485cea50d1cbac27 -> 
  custom:video-codec-MediaFoundation-h265: 746d11721c4dcdbdad8f713fa42b33f4 -> 
  custom:video-decoder-ogg-theora: a1e56fd34408186e4bbccfd4996cb3dc -> 
  custom:framework-win-MediaFoundation: 216162199b28c13a410421893ffa2e32 -> 
  custom:CustomObjectIndexerAttribute: a3ef5dd2817f97addfee359851a9dba5 -> 
  custom:container-demuxer-webm: 4f35f7cbe854078d1ac9338744f61a02 -> 
  custom:container-muxer-webm: aa71ff27fc2769a1b78a27578f13a17b -> 
  custom:video-decoder-webm-vp8: 9c59270c3fd7afecdb556c50c9e8de78 -> 
  custom:SearchIndexIgnoredProperties: e643bd26f0fe6173181afceb89e7c659 -> 
  custom:AudioImporter_EditorPlatform: d09bf68614088b80899f8185d706f6e7 -> 
  custom:video-encoder-webm-vp8: eb34c28f22e8b96e1ab97ce403110664 -> 
  custom:audio-decoder-ogg-vorbis: bf7c407c2cedff20999df2af8eb42d56 -> 
  custom:audio-encoder-webm-vorbis: bf7c407c2cedff20999df2af8eb42d56 -> 
========================================================================
Received Import Request.
  Time since last request: 35.198676 seconds.
  path: Assets/Scripts/Mechanisms/FinalRiddle/PowerSwitchFRScript.cs
  artifactKey: Guid(6bbf17b2db64cc24a97da09ba101c2b8) Importer(815301076,1909f56bfc062723c751e8b465ee728b)
Start importing Assets/Scripts/Mechanisms/FinalRiddle/PowerSwitchFRScript.cs using Guid(6bbf17b2db64cc24a97da09ba101c2b8) Importer(815301076,1909f56bfc062723c751e8b465ee728b)  -> (artifact id: '9e64bf66e9df970bceb10abbf6fdbd33') in 0.006575 seconds
Number of updated asset objects reloaded before import = 0
Number of asset objects unloaded after import = 0
========================================================================
Received Prepare
Begin MonoManager ReloadAssembly
- Loaded All Assemblies, in  0.562 seconds
Refreshing native plugins compatible for Editor in 4.97 ms, found 3 plugins.
Native extension for WindowsStandalone target not found
Native extension for WebGL target not found
System.Exception: Error! Visual Scripting: couldn't find visual scripting package
  at Unity.VisualScripting.PackageVersionUtility.get_version () [0x00043] in .\Library\PackageCache\com.unity.visualscripting@1.9.4\Editor\VisualScripting.Core\Utilities\PackageVersionUtility.cs:31 
  at Unity.VisualScripting.BoltCoreManifest.get_version () [0x00000] in .\Library\PackageCache\com.unity.visualscripting@1.9.4\Editor\VisualScripting.Core\Plugin\BoltCoreManifest.cs:11 
  at Unity.VisualScripting.PluginManifest.get_currentVersion () [0x00000] in .\Library\PackageCache\com.unity.visualscripting@1.9.4\Editor\VisualScripting.Core\Plugins\PluginManifest.cs:33 
  at Unity.VisualScripting.PluginManifest.get_versionMismatch () [0x00000] in .\Library\PackageCache\com.unity.visualscripting@1.9.4\Editor\VisualScripting.Core\Plugins\PluginManifest.cs:48 
  at Unity.VisualScripting.PluginContainer.Initialize () [0x00525] in .\Library\PackageCache\com.unity.visualscripting@1.9.4\Editor\VisualScripting.Core\Plugins\PluginContainer.cs:208 
  at Unity.VisualScripting.PluginContainer.InitializeOnLoad () [0x00009] in .\Library\PackageCache\com.unity.visualscripting@1.9.4\Editor\VisualScripting.Core\Plugins\PluginContainer.cs:32 
  at Unity.VisualScripting.VSUsageUtility.DoInitializeOnLoadCalls () [0x00034] in .\Library\PackageCache\com.unity.visualscripting@1.9.4\Editor\VisualScripting.Core\Utilities\VSUsageUtility.cs:76 
  at Unity.VisualScripting.VSUsageUtility.set_isVisualScriptingUsed (System.Boolean value) [0x0002c] in .\Library\PackageCache\com.unity.visualscripting@1.9.4\Editor\VisualScripting.Core\Utilities\VSUsageUtility.cs:114 
  at Unity.VisualScripting.VSUsageUtility.CheckAndSetIsVisualScriptingUsed () [0x0000d] in .\Library\PackageCache\com.unity.visualscripting@1.9.4\Editor\VisualScripting.Core\Utilities\VSUsageUtility.cs:33 
  at Unity.VisualScripting.VSUsageUtility..cctor () [0x00000] in .\Library\PackageCache\com.unity.visualscripting@1.9.4\Editor\VisualScripting.Core\Utilities\VSUsageUtility.cs:22 
UnityEngine.StackTraceUtility:ExtractStackTrace ()
UnityEngine.DebugLogHandler:LogFormat (UnityEngine.LogType,UnityEngine.Object,string,object[])
UnityEngine.Logger:Log (UnityEngine.LogType,object)
UnityEngine.Debug:LogError (object)
UnityEditor.EditorAssemblies:ProcessInitializeOnLoadAttributes (System.Type[])

[Package Manager] Server::EnsureServerProcessIsRunning -- launch failed, reason: Unity was launched with the -noUpm command-line argument
[Package Manager] UpmClient::Send -- Unable to send message (not connected to UPM process).
[Package Manager] Cannot connect to Unity Package Manager local server
Mono: successfully reloaded assembly
- Finished resetting the current domain, in  1.443 seconds
Domain Reload Profiling: 2002ms
	BeginReloadAssembly (204ms)
		ExecutionOrderSort (0ms)
		DisableScriptedObjects (5ms)
		BackupInstance (0ms)
		ReleaseScriptingObjects (0ms)
		CreateAndSetChildDomain (56ms)
	RebuildCommonClasses (39ms)
	RebuildNativeTypeToScriptingClass (10ms)
	initialDomainReloadingComplete (31ms)
	LoadAllAssembliesAndSetupDomain (275ms)
		LoadAssemblies (316ms)
		RebuildTransferFunctionScriptingTraits (0ms)
		AnalyzeDomain (50ms)
			TypeCache.Refresh (10ms)
				TypeCache.ScanAssembly (1ms)
			ScanForSourceGeneratedMonoScriptInfo (25ms)
			ResolveRequiredComponents (13ms)
	FinalizeReload (1444ms)
		ReleaseScriptCaches (0ms)
		RebuildScriptCaches (0ms)
		SetupLoadedEditorAssemblies (545ms)
			LogAssemblyErrors (0ms)
			InitializePlatformSupportModulesInManaged (6ms)
			SetLoadedEditorAssemblies (2ms)
			RefreshPlugins (0ms)
			BeforeProcessingInitializeOnLoad (63ms)
			ProcessInitializeOnLoadAttributes (410ms)
			ProcessInitializeOnLoadMethodAttributes (55ms)
			AfterProcessingInitializeOnLoad (8ms)
			EditorAssembliesLoaded (0ms)
		ExecutionOrderSort2 (0ms)
		AwakeInstancesAfterBackupRestoration (12ms)
Refreshing native plugins compatible for Editor in 3.42 ms, found 3 plugins.
Preloading 0 native plugins for Editor in 0.00 ms.
Unloading 5344 Unused Serialized files (Serialized files now loaded: 0)
Unloading 54 unused Assets / (0.9 MB). Loaded Objects now: 6126.
Memory consumption went from 212.6 MB to 211.7 MB.
Total: 8.940100 ms (FindLiveObjects: 0.365000 ms CreateObjectMapping: 0.193900 ms MarkObjects: 7.870200 ms  DeleteObjects: 0.509500 ms)

Prepare: number of updated asset objects reloaded= 0
AssetImportParameters requested are different than current active one (requested -> active):
  custom:container-demuxer-ogg: 62fdf1f143b41e24485cea50d1cbac27 -> 
  custom:video-codec-MediaFoundation-h265: 746d11721c4dcdbdad8f713fa42b33f4 -> 
  custom:video-decoder-ogg-theora: a1e56fd34408186e4bbccfd4996cb3dc -> 
  custom:framework-win-MediaFoundation: 216162199b28c13a410421893ffa2e32 -> 
  custom:CustomObjectIndexerAttribute: a3ef5dd2817f97addfee359851a9dba5 -> 
  custom:container-demuxer-webm: 4f35f7cbe854078d1ac9338744f61a02 -> 
  custom:container-muxer-webm: aa71ff27fc2769a1b78a27578f13a17b -> 
  custom:video-decoder-webm-vp8: 9c59270c3fd7afecdb556c50c9e8de78 -> 
  custom:SearchIndexIgnoredProperties: e643bd26f0fe6173181afceb89e7c659 -> 
  custom:AudioImporter_EditorPlatform: d09bf68614088b80899f8185d706f6e7 -> 
  custom:video-encoder-webm-vp8: eb34c28f22e8b96e1ab97ce403110664 -> 
  custom:audio-decoder-ogg-vorbis: bf7c407c2cedff20999df2af8eb42d56 -> 
  custom:audio-encoder-webm-vorbis: bf7c407c2cedff20999df2af8eb42d56 -> 
========================================================================
Received Prepare
Begin MonoManager ReloadAssembly
- Loaded All Assemblies, in  0.519 seconds
Refreshing native plugins compatible for Editor in 4.29 ms, found 3 plugins.
Native extension for WindowsStandalone target not found
Native extension for WebGL target not found
System.Exception: Error! Visual Scripting: couldn't find visual scripting package
  at Unity.VisualScripting.PackageVersionUtility.get_version () [0x00043] in .\Library\PackageCache\com.unity.visualscripting@1.9.4\Editor\VisualScripting.Core\Utilities\PackageVersionUtility.cs:31 
  at Unity.VisualScripting.BoltCoreManifest.get_version () [0x00000] in .\Library\PackageCache\com.unity.visualscripting@1.9.4\Editor\VisualScripting.Core\Plugin\BoltCoreManifest.cs:11 
  at Unity.VisualScripting.PluginManifest.get_currentVersion () [0x00000] in .\Library\PackageCache\com.unity.visualscripting@1.9.4\Editor\VisualScripting.Core\Plugins\PluginManifest.cs:33 
  at Unity.VisualScripting.PluginManifest.get_versionMismatch () [0x00000] in .\Library\PackageCache\com.unity.visualscripting@1.9.4\Editor\VisualScripting.Core\Plugins\PluginManifest.cs:48 
  at Unity.VisualScripting.PluginContainer.Initialize () [0x00525] in .\Library\PackageCache\com.unity.visualscripting@1.9.4\Editor\VisualScripting.Core\Plugins\PluginContainer.cs:208 
  at Unity.VisualScripting.PluginContainer.InitializeOnLoad () [0x00009] in .\Library\PackageCache\com.unity.visualscripting@1.9.4\Editor\VisualScripting.Core\Plugins\PluginContainer.cs:32 
  at Unity.VisualScripting.VSUsageUtility.DoInitializeOnLoadCalls () [0x00034] in .\Library\PackageCache\com.unity.visualscripting@1.9.4\Editor\VisualScripting.Core\Utilities\VSUsageUtility.cs:76 
  at Unity.VisualScripting.VSUsageUtility.set_isVisualScriptingUsed (System.Boolean value) [0x0002c] in .\Library\PackageCache\com.unity.visualscripting@1.9.4\Editor\VisualScripting.Core\Utilities\VSUsageUtility.cs:114 
  at Unity.VisualScripting.VSUsageUtility.CheckAndSetIsVisualScriptingUsed () [0x0000d] in .\Library\PackageCache\com.unity.visualscripting@1.9.4\Editor\VisualScripting.Core\Utilities\VSUsageUtility.cs:33 
  at Unity.VisualScripting.VSUsageUtility..cctor () [0x00000] in .\Library\PackageCache\com.unity.visualscripting@1.9.4\Editor\VisualScripting.Core\Utilities\VSUsageUtility.cs:22 
UnityEngine.StackTraceUtility:ExtractStackTrace ()
UnityEngine.DebugLogHandler:LogFormat (UnityEngine.LogType,UnityEngine.Object,string,object[])
UnityEngine.Logger:Log (UnityEngine.LogType,object)
UnityEngine.Debug:LogError (object)
UnityEditor.EditorAssemblies:ProcessInitializeOnLoadAttributes (System.Type[])

[Package Manager] Server::EnsureServerProcessIsRunning -- launch failed, reason: Unity was launched with the -noUpm command-line argument
[Package Manager] UpmClient::Send -- Unable to send message (not connected to UPM process).
[Package Manager] Cannot connect to Unity Package Manager local server
Mono: successfully reloaded assembly
- Finished resetting the current domain, in  1.418 seconds
Domain Reload Profiling: 1934ms
	BeginReloadAssembly (209ms)
		ExecutionOrderSort (0ms)
		DisableScriptedObjects (7ms)
		BackupInstance (0ms)
		ReleaseScriptingObjects (0ms)
		CreateAndSetChildDomain (50ms)
	RebuildCommonClasses (33ms)
	RebuildNativeTypeToScriptingClass (10ms)
	initialDomainReloadingComplete (26ms)
	LoadAllAssembliesAndSetupDomain (238ms)
		LoadAssemblies (270ms)
		RebuildTransferFunctionScriptingTraits (0ms)
		AnalyzeDomain (51ms)
			TypeCache.Refresh (10ms)
				TypeCache.ScanAssembly (1ms)
			ScanForSourceGeneratedMonoScriptInfo (27ms)
			ResolveRequiredComponents (12ms)
	FinalizeReload (1418ms)
		ReleaseScriptCaches (0ms)
		RebuildScriptCaches (0ms)
		SetupLoadedEditorAssemblies (548ms)
			LogAssemblyErrors (0ms)
			InitializePlatformSupportModulesInManaged (5ms)
			SetLoadedEditorAssemblies (3ms)
			RefreshPlugins (0ms)
			BeforeProcessingInitializeOnLoad (63ms)
			ProcessInitializeOnLoadAttributes (418ms)
			ProcessInitializeOnLoadMethodAttributes (51ms)
			AfterProcessingInitializeOnLoad (8ms)
			EditorAssembliesLoaded (0ms)
		ExecutionOrderSort2 (0ms)
		AwakeInstancesAfterBackupRestoration (12ms)
Refreshing native plugins compatible for Editor in 3.77 ms, found 3 plugins.
Preloading 0 native plugins for Editor in 0.00 ms.
Unloading 5344 Unused Serialized files (Serialized files now loaded: 0)
Unloading 54 unused Assets / (0.9 MB). Loaded Objects now: 6143.
Memory consumption went from 214.6 MB to 213.7 MB.
Total: 9.673700 ms (FindLiveObjects: 0.397400 ms CreateObjectMapping: 0.214500 ms MarkObjects: 8.687200 ms  DeleteObjects: 0.372900 ms)

Prepare: number of updated asset objects reloaded= 0
AssetImportParameters requested are different than current active one (requested -> active):
  custom:container-demuxer-ogg: 62fdf1f143b41e24485cea50d1cbac27 -> 
  custom:video-codec-MediaFoundation-h265: 746d11721c4dcdbdad8f713fa42b33f4 -> 
  custom:video-decoder-ogg-theora: a1e56fd34408186e4bbccfd4996cb3dc -> 
  custom:framework-win-MediaFoundation: 216162199b28c13a410421893ffa2e32 -> 
  custom:CustomObjectIndexerAttribute: a3ef5dd2817f97addfee359851a9dba5 -> 
  custom:container-demuxer-webm: 4f35f7cbe854078d1ac9338744f61a02 -> 
  custom:container-muxer-webm: aa71ff27fc2769a1b78a27578f13a17b -> 
  custom:video-decoder-webm-vp8: 9c59270c3fd7afecdb556c50c9e8de78 -> 
  custom:SearchIndexIgnoredProperties: e643bd26f0fe6173181afceb89e7c659 -> 
  custom:AudioImporter_EditorPlatform: d09bf68614088b80899f8185d706f6e7 -> 
  custom:video-encoder-webm-vp8: eb34c28f22e8b96e1ab97ce403110664 -> 
  custom:audio-decoder-ogg-vorbis: bf7c407c2cedff20999df2af8eb42d56 -> 
  custom:audio-encoder-webm-vorbis: bf7c407c2cedff20999df2af8eb42d56 -> 
========================================================================
Received Prepare
Begin MonoManager ReloadAssembly
- Loaded All Assemblies, in  0.439 seconds
Refreshing native plugins compatible for Editor in 4.00 ms, found 3 plugins.
Native extension for WindowsStandalone target not found
Native extension for WebGL target not found
System.Exception: Error! Visual Scripting: couldn't find visual scripting package
  at Unity.VisualScripting.PackageVersionUtility.get_version () [0x00043] in .\Library\PackageCache\com.unity.visualscripting@1.9.4\Editor\VisualScripting.Core\Utilities\PackageVersionUtility.cs:31 
  at Unity.VisualScripting.BoltCoreManifest.get_version () [0x00000] in .\Library\PackageCache\com.unity.visualscripting@1.9.4\Editor\VisualScripting.Core\Plugin\BoltCoreManifest.cs:11 
  at Unity.VisualScripting.PluginManifest.get_currentVersion () [0x00000] in .\Library\PackageCache\com.unity.visualscripting@1.9.4\Editor\VisualScripting.Core\Plugins\PluginManifest.cs:33 
  at Unity.VisualScripting.PluginManifest.get_versionMismatch () [0x00000] in .\Library\PackageCache\com.unity.visualscripting@1.9.4\Editor\VisualScripting.Core\Plugins\PluginManifest.cs:48 
  at Unity.VisualScripting.PluginContainer.Initialize () [0x00525] in .\Library\PackageCache\com.unity.visualscripting@1.9.4\Editor\VisualScripting.Core\Plugins\PluginContainer.cs:208 
  at Unity.VisualScripting.PluginContainer.InitializeOnLoad () [0x00009] in .\Library\PackageCache\com.unity.visualscripting@1.9.4\Editor\VisualScripting.Core\Plugins\PluginContainer.cs:32 
  at Unity.VisualScripting.VSUsageUtility.DoInitializeOnLoadCalls () [0x00034] in .\Library\PackageCache\com.unity.visualscripting@1.9.4\Editor\VisualScripting.Core\Utilities\VSUsageUtility.cs:76 
  at Unity.VisualScripting.VSUsageUtility.set_isVisualScriptingUsed (System.Boolean value) [0x0002c] in .\Library\PackageCache\com.unity.visualscripting@1.9.4\Editor\VisualScripting.Core\Utilities\VSUsageUtility.cs:114 
  at Unity.VisualScripting.VSUsageUtility.CheckAndSetIsVisualScriptingUsed () [0x0000d] in .\Library\PackageCache\com.unity.visualscripting@1.9.4\Editor\VisualScripting.Core\Utilities\VSUsageUtility.cs:33 
  at Unity.VisualScripting.VSUsageUtility..cctor () [0x00000] in .\Library\PackageCache\com.unity.visualscripting@1.9.4\Editor\VisualScripting.Core\Utilities\VSUsageUtility.cs:22 
UnityEngine.StackTraceUtility:ExtractStackTrace ()
UnityEngine.DebugLogHandler:LogFormat (UnityEngine.LogType,UnityEngine.Object,string,object[])
UnityEngine.Logger:Log (UnityEngine.LogType,object)
UnityEngine.Debug:LogError (object)
UnityEditor.EditorAssemblies:ProcessInitializeOnLoadAttributes (System.Type[])

[Package Manager] Server::EnsureServerProcessIsRunning -- launch failed, reason: Unity was launched with the -noUpm command-line argument
[Package Manager] UpmClient::Send -- Unable to send message (not connected to UPM process).
[Package Manager] Cannot connect to Unity Package Manager local server
Mono: successfully reloaded assembly
- Finished resetting the current domain, in  1.610 seconds
Domain Reload Profiling: 2046ms
	BeginReloadAssembly (172ms)
		ExecutionOrderSort (0ms)
		DisableScriptedObjects (3ms)
		BackupInstance (0ms)
		ReleaseScriptingObjects (0ms)
		CreateAndSetChildDomain (45ms)
	RebuildCommonClasses (34ms)
	RebuildNativeTypeToScriptingClass (9ms)
	initialDomainReloadingComplete (25ms)
	LoadAllAssembliesAndSetupDomain (196ms)
		LoadAssemblies (252ms)
		RebuildTransferFunctionScriptingTraits (0ms)
		AnalyzeDomain (19ms)
			TypeCache.Refresh (6ms)
				TypeCache.ScanAssembly (0ms)
			ScanForSourceGeneratedMonoScriptInfo (0ms)
			ResolveRequiredComponents (11ms)
	FinalizeReload (1610ms)
		ReleaseScriptCaches (0ms)
		RebuildScriptCaches (0ms)
		SetupLoadedEditorAssemblies (644ms)
			LogAssemblyErrors (0ms)
			InitializePlatformSupportModulesInManaged (7ms)
			SetLoadedEditorAssemblies (3ms)
			RefreshPlugins (0ms)
			BeforeProcessingInitializeOnLoad (79ms)
			ProcessInitializeOnLoadAttributes (490ms)
			ProcessInitializeOnLoadMethodAttributes (58ms)
			AfterProcessingInitializeOnLoad (7ms)
			EditorAssembliesLoaded (0ms)
		ExecutionOrderSort2 (0ms)
		AwakeInstancesAfterBackupRestoration (16ms)
Refreshing native plugins compatible for Editor in 4.38 ms, found 3 plugins.
Preloading 0 native plugins for Editor in 0.00 ms.
Unloading 5344 Unused Serialized files (Serialized files now loaded: 0)
Unloading 54 unused Assets / (0.9 MB). Loaded Objects now: 6160.
Memory consumption went from 216.5 MB to 215.7 MB.
Total: 11.724300 ms (FindLiveObjects: 0.485300 ms CreateObjectMapping: 0.409500 ms MarkObjects: 10.405100 ms  DeleteObjects: 0.423200 ms)

Prepare: number of updated asset objects reloaded= 0
AssetImportParameters requested are different than current active one (requested -> active):
  custom:container-demuxer-ogg: 62fdf1f143b41e24485cea50d1cbac27 -> 
  custom:video-codec-MediaFoundation-h265: 746d11721c4dcdbdad8f713fa42b33f4 -> 
  custom:video-decoder-ogg-theora: a1e56fd34408186e4bbccfd4996cb3dc -> 
  custom:framework-win-MediaFoundation: 216162199b28c13a410421893ffa2e32 -> 
  custom:CustomObjectIndexerAttribute: a3ef5dd2817f97addfee359851a9dba5 -> 
  custom:container-demuxer-webm: 4f35f7cbe854078d1ac9338744f61a02 -> 
  custom:container-muxer-webm: aa71ff27fc2769a1b78a27578f13a17b -> 
  custom:video-decoder-webm-vp8: 9c59270c3fd7afecdb556c50c9e8de78 -> 
  custom:SearchIndexIgnoredProperties: e643bd26f0fe6173181afceb89e7c659 -> 
  custom:AudioImporter_EditorPlatform: d09bf68614088b80899f8185d706f6e7 -> 
  custom:video-encoder-webm-vp8: eb34c28f22e8b96e1ab97ce403110664 -> 
  custom:audio-decoder-ogg-vorbis: bf7c407c2cedff20999df2af8eb42d56 -> 
  custom:audio-encoder-webm-vorbis: bf7c407c2cedff20999df2af8eb42d56 -> 
========================================================================
Received Prepare
Begin MonoManager ReloadAssembly
- Loaded All Assemblies, in  0.437 seconds
Refreshing native plugins compatible for Editor in 3.66 ms, found 3 plugins.
Native extension for WindowsStandalone target not found
Native extension for WebGL target not found
System.Exception: Error! Visual Scripting: couldn't find visual scripting package
  at Unity.VisualScripting.PackageVersionUtility.get_version () [0x00043] in .\Library\PackageCache\com.unity.visualscripting@1.9.4\Editor\VisualScripting.Core\Utilities\PackageVersionUtility.cs:31 
  at Unity.VisualScripting.BoltCoreManifest.get_version () [0x00000] in .\Library\PackageCache\com.unity.visualscripting@1.9.4\Editor\VisualScripting.Core\Plugin\BoltCoreManifest.cs:11 
  at Unity.VisualScripting.PluginManifest.get_currentVersion () [0x00000] in .\Library\PackageCache\com.unity.visualscripting@1.9.4\Editor\VisualScripting.Core\Plugins\PluginManifest.cs:33 
  at Unity.VisualScripting.PluginManifest.get_versionMismatch () [0x00000] in .\Library\PackageCache\com.unity.visualscripting@1.9.4\Editor\VisualScripting.Core\Plugins\PluginManifest.cs:48 
  at Unity.VisualScripting.PluginContainer.Initialize () [0x00525] in .\Library\PackageCache\com.unity.visualscripting@1.9.4\Editor\VisualScripting.Core\Plugins\PluginContainer.cs:208 
  at Unity.VisualScripting.PluginContainer.InitializeOnLoad () [0x00009] in .\Library\PackageCache\com.unity.visualscripting@1.9.4\Editor\VisualScripting.Core\Plugins\PluginContainer.cs:32 
  at Unity.VisualScripting.VSUsageUtility.DoInitializeOnLoadCalls () [0x00034] in .\Library\PackageCache\com.unity.visualscripting@1.9.4\Editor\VisualScripting.Core\Utilities\VSUsageUtility.cs:76 
  at Unity.VisualScripting.VSUsageUtility.set_isVisualScriptingUsed (System.Boolean value) [0x0002c] in .\Library\PackageCache\com.unity.visualscripting@1.9.4\Editor\VisualScripting.Core\Utilities\VSUsageUtility.cs:114 
  at Unity.VisualScripting.VSUsageUtility.CheckAndSetIsVisualScriptingUsed () [0x0000d] in .\Library\PackageCache\com.unity.visualscripting@1.9.4\Editor\VisualScripting.Core\Utilities\VSUsageUtility.cs:33 
  at Unity.VisualScripting.VSUsageUtility..cctor () [0x00000] in .\Library\PackageCache\com.unity.visualscripting@1.9.4\Editor\VisualScripting.Core\Utilities\VSUsageUtility.cs:22 
UnityEngine.StackTraceUtility:ExtractStackTrace ()
UnityEngine.DebugLogHandler:LogFormat (UnityEngine.LogType,UnityEngine.Object,string,object[])
UnityEngine.Logger:Log (UnityEngine.LogType,object)
UnityEngine.Debug:LogError (object)
UnityEditor.EditorAssemblies:ProcessInitializeOnLoadAttributes (System.Type[])

[Package Manager] Server::EnsureServerProcessIsRunning -- launch failed, reason: Unity was launched with the -noUpm command-line argument
[Package Manager] UpmClient::Send -- Unable to send message (not connected to UPM process).
[Package Manager] Cannot connect to Unity Package Manager local server
Mono: successfully reloaded assembly
- Finished resetting the current domain, in  1.410 seconds
Domain Reload Profiling: 1845ms
	BeginReloadAssembly (159ms)
		ExecutionOrderSort (0ms)
		DisableScriptedObjects (3ms)
		BackupInstance (0ms)
		ReleaseScriptingObjects (0ms)
		CreateAndSetChildDomain (40ms)
	RebuildCommonClasses (30ms)
	RebuildNativeTypeToScriptingClass (11ms)
	initialDomainReloadingComplete (27ms)
	LoadAllAssembliesAndSetupDomain (207ms)
		LoadAssemblies (238ms)
		RebuildTransferFunctionScriptingTraits (0ms)
		AnalyzeDomain (40ms)
			TypeCache.Refresh (10ms)
				TypeCache.ScanAssembly (1ms)
			ScanForSourceGeneratedMonoScriptInfo (19ms)
			ResolveRequiredComponents (10ms)
	FinalizeReload (1411ms)
		ReleaseScriptCaches (0ms)
		RebuildScriptCaches (0ms)
		SetupLoadedEditorAssemblies (573ms)
			LogAssemblyErrors (0ms)
			InitializePlatformSupportModulesInManaged (5ms)
			SetLoadedEditorAssemblies (2ms)
			RefreshPlugins (0ms)
			BeforeProcessingInitializeOnLoad (58ms)
			ProcessInitializeOnLoadAttributes (444ms)
			ProcessInitializeOnLoadMethodAttributes (58ms)
			AfterProcessingInitializeOnLoad (6ms)
			EditorAssembliesLoaded (0ms)
		ExecutionOrderSort2 (0ms)
		AwakeInstancesAfterBackupRestoration (13ms)
Refreshing native plugins compatible for Editor in 4.81 ms, found 3 plugins.
Preloading 0 native plugins for Editor in 0.00 ms.
Unloading 5344 Unused Serialized files (Serialized files now loaded: 0)
Unloading 54 unused Assets / (0.9 MB). Loaded Objects now: 6177.
Memory consumption went from 218.5 MB to 217.6 MB.
Total: 9.694500 ms (FindLiveObjects: 0.389100 ms CreateObjectMapping: 0.226200 ms MarkObjects: 8.637500 ms  DeleteObjects: 0.440200 ms)

Prepare: number of updated asset objects reloaded= 0
AssetImportParameters requested are different than current active one (requested -> active):
  custom:container-demuxer-ogg: 62fdf1f143b41e24485cea50d1cbac27 -> 
  custom:video-codec-MediaFoundation-h265: 746d11721c4dcdbdad8f713fa42b33f4 -> 
  custom:video-decoder-ogg-theora: a1e56fd34408186e4bbccfd4996cb3dc -> 
  custom:framework-win-MediaFoundation: 216162199b28c13a410421893ffa2e32 -> 
  custom:CustomObjectIndexerAttribute: a3ef5dd2817f97addfee359851a9dba5 -> 
  custom:container-demuxer-webm: 4f35f7cbe854078d1ac9338744f61a02 -> 
  custom:container-muxer-webm: aa71ff27fc2769a1b78a27578f13a17b -> 
  custom:video-decoder-webm-vp8: 9c59270c3fd7afecdb556c50c9e8de78 -> 
  custom:SearchIndexIgnoredProperties: e643bd26f0fe6173181afceb89e7c659 -> 
  custom:AudioImporter_EditorPlatform: d09bf68614088b80899f8185d706f6e7 -> 
  custom:video-encoder-webm-vp8: eb34c28f22e8b96e1ab97ce403110664 -> 
  custom:audio-decoder-ogg-vorbis: bf7c407c2cedff20999df2af8eb42d56 -> 
  custom:audio-encoder-webm-vorbis: bf7c407c2cedff20999df2af8eb42d56 -> 
========================================================================
Received Prepare
Begin MonoManager ReloadAssembly
- Loaded All Assemblies, in  0.568 seconds
Refreshing native plugins compatible for Editor in 5.04 ms, found 3 plugins.
Native extension for WindowsStandalone target not found
Native extension for WebGL target not found
System.Exception: Error! Visual Scripting: couldn't find visual scripting package
  at Unity.VisualScripting.PackageVersionUtility.get_version () [0x00043] in .\Library\PackageCache\com.unity.visualscripting@1.9.4\Editor\VisualScripting.Core\Utilities\PackageVersionUtility.cs:31 
  at Unity.VisualScripting.BoltCoreManifest.get_version () [0x00000] in .\Library\PackageCache\com.unity.visualscripting@1.9.4\Editor\VisualScripting.Core\Plugin\BoltCoreManifest.cs:11 
  at Unity.VisualScripting.PluginManifest.get_currentVersion () [0x00000] in .\Library\PackageCache\com.unity.visualscripting@1.9.4\Editor\VisualScripting.Core\Plugins\PluginManifest.cs:33 
  at Unity.VisualScripting.PluginManifest.get_versionMismatch () [0x00000] in .\Library\PackageCache\com.unity.visualscripting@1.9.4\Editor\VisualScripting.Core\Plugins\PluginManifest.cs:48 
  at Unity.VisualScripting.PluginContainer.Initialize () [0x00525] in .\Library\PackageCache\com.unity.visualscripting@1.9.4\Editor\VisualScripting.Core\Plugins\PluginContainer.cs:208 
  at Unity.VisualScripting.PluginContainer.InitializeOnLoad () [0x00009] in .\Library\PackageCache\com.unity.visualscripting@1.9.4\Editor\VisualScripting.Core\Plugins\PluginContainer.cs:32 
  at Unity.VisualScripting.VSUsageUtility.DoInitializeOnLoadCalls () [0x00034] in .\Library\PackageCache\com.unity.visualscripting@1.9.4\Editor\VisualScripting.Core\Utilities\VSUsageUtility.cs:76 
  at Unity.VisualScripting.VSUsageUtility.set_isVisualScriptingUsed (System.Boolean value) [0x0002c] in .\Library\PackageCache\com.unity.visualscripting@1.9.4\Editor\VisualScripting.Core\Utilities\VSUsageUtility.cs:114 
  at Unity.VisualScripting.VSUsageUtility.CheckAndSetIsVisualScriptingUsed () [0x0000d] in .\Library\PackageCache\com.unity.visualscripting@1.9.4\Editor\VisualScripting.Core\Utilities\VSUsageUtility.cs:33 
  at Unity.VisualScripting.VSUsageUtility..cctor () [0x00000] in .\Library\PackageCache\com.unity.visualscripting@1.9.4\Editor\VisualScripting.Core\Utilities\VSUsageUtility.cs:22 
UnityEngine.StackTraceUtility:ExtractStackTrace ()
UnityEngine.DebugLogHandler:LogFormat (UnityEngine.LogType,UnityEngine.Object,string,object[])
UnityEngine.Logger:Log (UnityEngine.LogType,object)
UnityEngine.Debug:LogError (object)
UnityEditor.EditorAssemblies:ProcessInitializeOnLoadAttributes (System.Type[])

[Package Manager] Server::EnsureServerProcessIsRunning -- launch failed, reason: Unity was launched with the -noUpm command-line argument
[Package Manager] UpmClient::Send -- Unable to send message (not connected to UPM process).
[Package Manager] Cannot connect to Unity Package Manager local server
Mono: successfully reloaded assembly
- Finished resetting the current domain, in  1.418 seconds
Domain Reload Profiling: 1982ms
	BeginReloadAssembly (220ms)
		ExecutionOrderSort (0ms)
		DisableScriptedObjects (3ms)
		BackupInstance (0ms)
		ReleaseScriptingObjects (0ms)
		CreateAndSetChildDomain (63ms)
	RebuildCommonClasses (40ms)
	RebuildNativeTypeToScriptingClass (17ms)
	initialDomainReloadingComplete (47ms)
	LoadAllAssembliesAndSetupDomain (240ms)
		LoadAssemblies (275ms)
		RebuildTransferFunctionScriptingTraits (0ms)
		AnalyzeDomain (50ms)
			TypeCache.Refresh (11ms)
				TypeCache.ScanAssembly (1ms)
			ScanForSourceGeneratedMonoScriptInfo (23ms)
			ResolveRequiredComponents (13ms)
	FinalizeReload (1418ms)
		ReleaseScriptCaches (0ms)
		RebuildScriptCaches (0ms)
		SetupLoadedEditorAssemblies (523ms)
			LogAssemblyErrors (0ms)
			InitializePlatformSupportModulesInManaged (5ms)
			SetLoadedEditorAssemblies (3ms)
			RefreshPlugins (0ms)
			BeforeProcessingInitializeOnLoad (63ms)
			ProcessInitializeOnLoadAttributes (392ms)
			ProcessInitializeOnLoadMethodAttributes (55ms)
			AfterProcessingInitializeOnLoad (5ms)
			EditorAssembliesLoaded (0ms)
		ExecutionOrderSort2 (0ms)
		AwakeInstancesAfterBackupRestoration (12ms)
Refreshing native plugins compatible for Editor in 3.22 ms, found 3 plugins.
Preloading 0 native plugins for Editor in 0.00 ms.
Unloading 5344 Unused Serialized files (Serialized files now loaded: 0)
Unloading 54 unused Assets / (0.9 MB). Loaded Objects now: 6194.
Memory consumption went from 220.4 MB to 219.6 MB.
Total: 9.344200 ms (FindLiveObjects: 0.392500 ms CreateObjectMapping: 0.202400 ms MarkObjects: 8.341300 ms  DeleteObjects: 0.406400 ms)

Prepare: number of updated asset objects reloaded= 0
AssetImportParameters requested are different than current active one (requested -> active):
  custom:container-demuxer-ogg: 62fdf1f143b41e24485cea50d1cbac27 -> 
  custom:video-codec-MediaFoundation-h265: 746d11721c4dcdbdad8f713fa42b33f4 -> 
  custom:video-decoder-ogg-theora: a1e56fd34408186e4bbccfd4996cb3dc -> 
  custom:framework-win-MediaFoundation: 216162199b28c13a410421893ffa2e32 -> 
  custom:CustomObjectIndexerAttribute: a3ef5dd2817f97addfee359851a9dba5 -> 
  custom:container-demuxer-webm: 4f35f7cbe854078d1ac9338744f61a02 -> 
  custom:container-muxer-webm: aa71ff27fc2769a1b78a27578f13a17b -> 
  custom:video-decoder-webm-vp8: 9c59270c3fd7afecdb556c50c9e8de78 -> 
  custom:SearchIndexIgnoredProperties: e643bd26f0fe6173181afceb89e7c659 -> 
  custom:AudioImporter_EditorPlatform: d09bf68614088b80899f8185d706f6e7 -> 
  custom:video-encoder-webm-vp8: eb34c28f22e8b96e1ab97ce403110664 -> 
  custom:audio-decoder-ogg-vorbis: bf7c407c2cedff20999df2af8eb42d56 -> 
  custom:audio-encoder-webm-vorbis: bf7c407c2cedff20999df2af8eb42d56 -> 
========================================================================
Received Prepare
Begin MonoManager ReloadAssembly
- Loaded All Assemblies, in  0.447 seconds
Refreshing native plugins compatible for Editor in 5.51 ms, found 3 plugins.
Native extension for WindowsStandalone target not found
Native extension for WebGL target not found
System.Exception: Error! Visual Scripting: couldn't find visual scripting package
  at Unity.VisualScripting.PackageVersionUtility.get_version () [0x00043] in .\Library\PackageCache\com.unity.visualscripting@1.9.4\Editor\VisualScripting.Core\Utilities\PackageVersionUtility.cs:31 
  at Unity.VisualScripting.BoltCoreManifest.get_version () [0x00000] in .\Library\PackageCache\com.unity.visualscripting@1.9.4\Editor\VisualScripting.Core\Plugin\BoltCoreManifest.cs:11 
  at Unity.VisualScripting.PluginManifest.get_currentVersion () [0x00000] in .\Library\PackageCache\com.unity.visualscripting@1.9.4\Editor\VisualScripting.Core\Plugins\PluginManifest.cs:33 
  at Unity.VisualScripting.PluginManifest.get_versionMismatch () [0x00000] in .\Library\PackageCache\com.unity.visualscripting@1.9.4\Editor\VisualScripting.Core\Plugins\PluginManifest.cs:48 
  at Unity.VisualScripting.PluginContainer.Initialize () [0x00525] in .\Library\PackageCache\com.unity.visualscripting@1.9.4\Editor\VisualScripting.Core\Plugins\PluginContainer.cs:208 
  at Unity.VisualScripting.PluginContainer.InitializeOnLoad () [0x00009] in .\Library\PackageCache\com.unity.visualscripting@1.9.4\Editor\VisualScripting.Core\Plugins\PluginContainer.cs:32 
  at Unity.VisualScripting.VSUsageUtility.DoInitializeOnLoadCalls () [0x00034] in .\Library\PackageCache\com.unity.visualscripting@1.9.4\Editor\VisualScripting.Core\Utilities\VSUsageUtility.cs:76 
  at Unity.VisualScripting.VSUsageUtility.set_isVisualScriptingUsed (System.Boolean value) [0x0002c] in .\Library\PackageCache\com.unity.visualscripting@1.9.4\Editor\VisualScripting.Core\Utilities\VSUsageUtility.cs:114 
  at Unity.VisualScripting.VSUsageUtility.CheckAndSetIsVisualScriptingUsed () [0x0000d] in .\Library\PackageCache\com.unity.visualscripting@1.9.4\Editor\VisualScripting.Core\Utilities\VSUsageUtility.cs:33 
  at Unity.VisualScripting.VSUsageUtility..cctor () [0x00000] in .\Library\PackageCache\com.unity.visualscripting@1.9.4\Editor\VisualScripting.Core\Utilities\VSUsageUtility.cs:22 
UnityEngine.StackTraceUtility:ExtractStackTrace ()
UnityEngine.DebugLogHandler:LogFormat (UnityEngine.LogType,UnityEngine.Object,string,object[])
UnityEngine.Logger:Log (UnityEngine.LogType,object)
UnityEngine.Debug:LogError (object)
UnityEditor.EditorAssemblies:ProcessInitializeOnLoadAttributes (System.Type[])

[Package Manager] Server::EnsureServerProcessIsRunning -- launch failed, reason: Unity was launched with the -noUpm command-line argument
[Package Manager] UpmClient::Send -- Unable to send message (not connected to UPM process).
[Package Manager] Cannot connect to Unity Package Manager local server
Mono: successfully reloaded assembly
- Finished resetting the current domain, in  1.511 seconds
Domain Reload Profiling: 1956ms
	BeginReloadAssembly (167ms)
		ExecutionOrderSort (0ms)
		DisableScriptedObjects (3ms)
		BackupInstance (0ms)
		ReleaseScriptingObjects (0ms)
		CreateAndSetChildDomain (42ms)
	RebuildCommonClasses (34ms)
	RebuildNativeTypeToScriptingClass (16ms)
	initialDomainReloadingComplete (33ms)
	LoadAllAssembliesAndSetupDomain (194ms)
		LoadAssemblies (241ms)
		RebuildTransferFunctionScriptingTraits (0ms)
		AnalyzeDomain (26ms)
			TypeCache.Refresh (7ms)
				TypeCache.ScanAssembly (0ms)
			ScanForSourceGeneratedMonoScriptInfo (0ms)
			ResolveRequiredComponents (16ms)
	FinalizeReload (1512ms)
		ReleaseScriptCaches (0ms)
		RebuildScriptCaches (0ms)
		SetupLoadedEditorAssemblies (646ms)
			LogAssemblyErrors (0ms)
			InitializePlatformSupportModulesInManaged (6ms)
			SetLoadedEditorAssemblies (3ms)
			RefreshPlugins (0ms)
			BeforeProcessingInitializeOnLoad (72ms)
			ProcessInitializeOnLoadAttributes (506ms)
			ProcessInitializeOnLoadMethodAttributes (53ms)
			AfterProcessingInitializeOnLoad (6ms)
			EditorAssembliesLoaded (0ms)
		ExecutionOrderSort2 (0ms)
		AwakeInstancesAfterBackupRestoration (13ms)
Refreshing native plugins compatible for Editor in 4.70 ms, found 3 plugins.
Preloading 0 native plugins for Editor in 0.00 ms.
Unloading 5344 Unused Serialized files (Serialized files now loaded: 0)
Unloading 54 unused Assets / (0.9 MB). Loaded Objects now: 6211.
Memory consumption went from 222.3 MB to 221.4 MB.
Total: 11.505300 ms (FindLiveObjects: 0.394600 ms CreateObjectMapping: 0.370000 ms MarkObjects: 10.352700 ms  DeleteObjects: 0.386800 ms)

Prepare: number of updated asset objects reloaded= 0
AssetImportParameters requested are different than current active one (requested -> active):
  custom:container-demuxer-ogg: 62fdf1f143b41e24485cea50d1cbac27 -> 
  custom:video-codec-MediaFoundation-h265: 746d11721c4dcdbdad8f713fa42b33f4 -> 
  custom:video-decoder-ogg-theora: a1e56fd34408186e4bbccfd4996cb3dc -> 
  custom:framework-win-MediaFoundation: 216162199b28c13a410421893ffa2e32 -> 
  custom:CustomObjectIndexerAttribute: a3ef5dd2817f97addfee359851a9dba5 -> 
  custom:container-demuxer-webm: 4f35f7cbe854078d1ac9338744f61a02 -> 
  custom:container-muxer-webm: aa71ff27fc2769a1b78a27578f13a17b -> 
  custom:video-decoder-webm-vp8: 9c59270c3fd7afecdb556c50c9e8de78 -> 
  custom:SearchIndexIgnoredProperties: e643bd26f0fe6173181afceb89e7c659 -> 
  custom:AudioImporter_EditorPlatform: d09bf68614088b80899f8185d706f6e7 -> 
  custom:video-encoder-webm-vp8: eb34c28f22e8b96e1ab97ce403110664 -> 
  custom:audio-decoder-ogg-vorbis: bf7c407c2cedff20999df2af8eb42d56 -> 
  custom:audio-encoder-webm-vorbis: bf7c407c2cedff20999df2af8eb42d56 -> 
========================================================================
Received Prepare
Begin MonoManager ReloadAssembly
- Loaded All Assemblies, in  0.547 seconds
Refreshing native plugins compatible for Editor in 9.56 ms, found 3 plugins.
Native extension for WindowsStandalone target not found
Native extension for WebGL target not found
System.Exception: Error! Visual Scripting: couldn't find visual scripting package
  at Unity.VisualScripting.PackageVersionUtility.get_version () [0x00043] in .\Library\PackageCache\com.unity.visualscripting@1.9.4\Editor\VisualScripting.Core\Utilities\PackageVersionUtility.cs:31 
  at Unity.VisualScripting.BoltCoreManifest.get_version () [0x00000] in .\Library\PackageCache\com.unity.visualscripting@1.9.4\Editor\VisualScripting.Core\Plugin\BoltCoreManifest.cs:11 
  at Unity.VisualScripting.PluginManifest.get_currentVersion () [0x00000] in .\Library\PackageCache\com.unity.visualscripting@1.9.4\Editor\VisualScripting.Core\Plugins\PluginManifest.cs:33 
  at Unity.VisualScripting.PluginManifest.get_versionMismatch () [0x00000] in .\Library\PackageCache\com.unity.visualscripting@1.9.4\Editor\VisualScripting.Core\Plugins\PluginManifest.cs:48 
  at Unity.VisualScripting.PluginContainer.Initialize () [0x00525] in .\Library\PackageCache\com.unity.visualscripting@1.9.4\Editor\VisualScripting.Core\Plugins\PluginContainer.cs:208 
  at Unity.VisualScripting.PluginContainer.InitializeOnLoad () [0x00009] in .\Library\PackageCache\com.unity.visualscripting@1.9.4\Editor\VisualScripting.Core\Plugins\PluginContainer.cs:32 
  at Unity.VisualScripting.VSUsageUtility.DoInitializeOnLoadCalls () [0x00034] in .\Library\PackageCache\com.unity.visualscripting@1.9.4\Editor\VisualScripting.Core\Utilities\VSUsageUtility.cs:76 
  at Unity.VisualScripting.VSUsageUtility.set_isVisualScriptingUsed (System.Boolean value) [0x0002c] in .\Library\PackageCache\com.unity.visualscripting@1.9.4\Editor\VisualScripting.Core\Utilities\VSUsageUtility.cs:114 
  at Unity.VisualScripting.VSUsageUtility.CheckAndSetIsVisualScriptingUsed () [0x0000d] in .\Library\PackageCache\com.unity.visualscripting@1.9.4\Editor\VisualScripting.Core\Utilities\VSUsageUtility.cs:33 
  at Unity.VisualScripting.VSUsageUtility..cctor () [0x00000] in .\Library\PackageCache\com.unity.visualscripting@1.9.4\Editor\VisualScripting.Core\Utilities\VSUsageUtility.cs:22 
UnityEngine.StackTraceUtility:ExtractStackTrace ()
UnityEngine.DebugLogHandler:LogFormat (UnityEngine.LogType,UnityEngine.Object,string,object[])
UnityEngine.Logger:Log (UnityEngine.LogType,object)
UnityEngine.Debug:LogError (object)
UnityEditor.EditorAssemblies:ProcessInitializeOnLoadAttributes (System.Type[])

[Package Manager] Server::EnsureServerProcessIsRunning -- launch failed, reason: Unity was launched with the -noUpm command-line argument
[Package Manager] UpmClient::Send -- Unable to send message (not connected to UPM process).
[Package Manager] Cannot connect to Unity Package Manager local server
Mono: successfully reloaded assembly
- Finished resetting the current domain, in  1.491 seconds
Domain Reload Profiling: 2035ms
	BeginReloadAssembly (222ms)
		ExecutionOrderSort (0ms)
		DisableScriptedObjects (5ms)
		BackupInstance (0ms)
		ReleaseScriptingObjects (0ms)
		CreateAndSetChildDomain (52ms)
	RebuildCommonClasses (31ms)
	RebuildNativeTypeToScriptingClass (10ms)
	initialDomainReloadingComplete (37ms)
	LoadAllAssembliesAndSetupDomain (243ms)
		LoadAssemblies (284ms)
		RebuildTransferFunctionScriptingTraits (0ms)
		AnalyzeDomain (46ms)
			TypeCache.Refresh (9ms)
				TypeCache.ScanAssembly (1ms)
			ScanForSourceGeneratedMonoScriptInfo (21ms)
			ResolveRequiredComponents (15ms)
	FinalizeReload (1492ms)
		ReleaseScriptCaches (0ms)
		RebuildScriptCaches (0ms)
		SetupLoadedEditorAssemblies (633ms)
			LogAssemblyErrors (0ms)
			InitializePlatformSupportModulesInManaged (7ms)
			SetLoadedEditorAssemblies (3ms)
			RefreshPlugins (0ms)
			BeforeProcessingInitializeOnLoad (70ms)
			ProcessInitializeOnLoadAttributes (486ms)
			ProcessInitializeOnLoadMethodAttributes (61ms)
			AfterProcessingInitializeOnLoad (7ms)
			EditorAssembliesLoaded (0ms)
		ExecutionOrderSort2 (0ms)
		AwakeInstancesAfterBackupRestoration (15ms)
Refreshing native plugins compatible for Editor in 4.29 ms, found 3 plugins.
Preloading 0 native plugins for Editor in 0.00 ms.
Unloading 5344 Unused Serialized files (Serialized files now loaded: 0)
Unloading 54 unused Assets / (0.9 MB). Loaded Objects now: 6228.
Memory consumption went from 224.3 MB to 223.4 MB.
Total: 10.419000 ms (FindLiveObjects: 0.402600 ms CreateObjectMapping: 0.231000 ms MarkObjects: 9.326700 ms  DeleteObjects: 0.457600 ms)

Prepare: number of updated asset objects reloaded= 0
AssetImportParameters requested are different than current active one (requested -> active):
  custom:container-demuxer-ogg: 62fdf1f143b41e24485cea50d1cbac27 -> 
  custom:video-codec-MediaFoundation-h265: 746d11721c4dcdbdad8f713fa42b33f4 -> 
  custom:video-decoder-ogg-theora: a1e56fd34408186e4bbccfd4996cb3dc -> 
  custom:framework-win-MediaFoundation: 216162199b28c13a410421893ffa2e32 -> 
  custom:CustomObjectIndexerAttribute: a3ef5dd2817f97addfee359851a9dba5 -> 
  custom:container-demuxer-webm: 4f35f7cbe854078d1ac9338744f61a02 -> 
  custom:container-muxer-webm: aa71ff27fc2769a1b78a27578f13a17b -> 
  custom:video-decoder-webm-vp8: 9c59270c3fd7afecdb556c50c9e8de78 -> 
  custom:SearchIndexIgnoredProperties: e643bd26f0fe6173181afceb89e7c659 -> 
  custom:AudioImporter_EditorPlatform: d09bf68614088b80899f8185d706f6e7 -> 
  custom:video-encoder-webm-vp8: eb34c28f22e8b96e1ab97ce403110664 -> 
  custom:audio-decoder-ogg-vorbis: bf7c407c2cedff20999df2af8eb42d56 -> 
  custom:audio-encoder-webm-vorbis: bf7c407c2cedff20999df2af8eb42d56 -> 
========================================================================
Received Prepare
Begin MonoManager ReloadAssembly
- Loaded All Assemblies, in  0.408 seconds
Refreshing native plugins compatible for Editor in 3.80 ms, found 3 plugins.
Native extension for WindowsStandalone target not found
Native extension for WebGL target not found
System.Exception: Error! Visual Scripting: couldn't find visual scripting package
  at Unity.VisualScripting.PackageVersionUtility.get_version () [0x00043] in .\Library\PackageCache\com.unity.visualscripting@1.9.4\Editor\VisualScripting.Core\Utilities\PackageVersionUtility.cs:31 
  at Unity.VisualScripting.BoltCoreManifest.get_version () [0x00000] in .\Library\PackageCache\com.unity.visualscripting@1.9.4\Editor\VisualScripting.Core\Plugin\BoltCoreManifest.cs:11 
  at Unity.VisualScripting.PluginManifest.get_currentVersion () [0x00000] in .\Library\PackageCache\com.unity.visualscripting@1.9.4\Editor\VisualScripting.Core\Plugins\PluginManifest.cs:33 
  at Unity.VisualScripting.PluginManifest.get_versionMismatch () [0x00000] in .\Library\PackageCache\com.unity.visualscripting@1.9.4\Editor\VisualScripting.Core\Plugins\PluginManifest.cs:48 
  at Unity.VisualScripting.PluginContainer.Initialize () [0x00525] in .\Library\PackageCache\com.unity.visualscripting@1.9.4\Editor\VisualScripting.Core\Plugins\PluginContainer.cs:208 
  at Unity.VisualScripting.PluginContainer.InitializeOnLoad () [0x00009] in .\Library\PackageCache\com.unity.visualscripting@1.9.4\Editor\VisualScripting.Core\Plugins\PluginContainer.cs:32 
  at Unity.VisualScripting.VSUsageUtility.DoInitializeOnLoadCalls () [0x00034] in .\Library\PackageCache\com.unity.visualscripting@1.9.4\Editor\VisualScripting.Core\Utilities\VSUsageUtility.cs:76 
  at Unity.VisualScripting.VSUsageUtility.set_isVisualScriptingUsed (System.Boolean value) [0x0002c] in .\Library\PackageCache\com.unity.visualscripting@1.9.4\Editor\VisualScripting.Core\Utilities\VSUsageUtility.cs:114 
  at Unity.VisualScripting.VSUsageUtility.CheckAndSetIsVisualScriptingUsed () [0x0000d] in .\Library\PackageCache\com.unity.visualscripting@1.9.4\Editor\VisualScripting.Core\Utilities\VSUsageUtility.cs:33 
  at Unity.VisualScripting.VSUsageUtility..cctor () [0x00000] in .\Library\PackageCache\com.unity.visualscripting@1.9.4\Editor\VisualScripting.Core\Utilities\VSUsageUtility.cs:22 
UnityEngine.StackTraceUtility:ExtractStackTrace ()
UnityEngine.DebugLogHandler:LogFormat (UnityEngine.LogType,UnityEngine.Object,string,object[])
UnityEngine.Logger:Log (UnityEngine.LogType,object)
UnityEngine.Debug:LogError (object)
UnityEditor.EditorAssemblies:ProcessInitializeOnLoadAttributes (System.Type[])

[Package Manager] Server::EnsureServerProcessIsRunning -- launch failed, reason: Unity was launched with the -noUpm command-line argument
[Package Manager] UpmClient::Send -- Unable to send message (not connected to UPM process).
[Package Manager] Cannot connect to Unity Package Manager local server
Mono: successfully reloaded assembly
- Finished resetting the current domain, in  1.531 seconds
Domain Reload Profiling: 1936ms
	BeginReloadAssembly (162ms)
		ExecutionOrderSort (0ms)
		DisableScriptedObjects (4ms)
		BackupInstance (0ms)
		ReleaseScriptingObjects (0ms)
		CreateAndSetChildDomain (38ms)
	RebuildCommonClasses (29ms)
	RebuildNativeTypeToScriptingClass (9ms)
	initialDomainReloadingComplete (30ms)
	LoadAllAssembliesAndSetupDomain (175ms)
		LoadAssemblies (228ms)
		RebuildTransferFunctionScriptingTraits (0ms)
		AnalyzeDomain (18ms)
			TypeCache.Refresh (6ms)
				TypeCache.ScanAssembly (0ms)
			ScanForSourceGeneratedMonoScriptInfo (0ms)
			ResolveRequiredComponents (11ms)
	FinalizeReload (1532ms)
		ReleaseScriptCaches (0ms)
		RebuildScriptCaches (0ms)
		SetupLoadedEditorAssemblies (664ms)
			LogAssemblyErrors (0ms)
			InitializePlatformSupportModulesInManaged (7ms)
			SetLoadedEditorAssemblies (4ms)
			RefreshPlugins (0ms)
			BeforeProcessingInitializeOnLoad (72ms)
			ProcessInitializeOnLoadAttributes (508ms)
			ProcessInitializeOnLoadMethodAttributes (66ms)
			AfterProcessingInitializeOnLoad (7ms)
			EditorAssembliesLoaded (0ms)
		ExecutionOrderSort2 (0ms)
		AwakeInstancesAfterBackupRestoration (17ms)
Refreshing native plugins compatible for Editor in 5.05 ms, found 3 plugins.
Preloading 0 native plugins for Editor in 0.00 ms.
Unloading 5344 Unused Serialized files (Serialized files now loaded: 0)
Unloading 54 unused Assets / (0.9 MB). Loaded Objects now: 6245.
Memory consumption went from 226.2 MB to 225.4 MB.
Total: 10.477400 ms (FindLiveObjects: 0.583200 ms CreateObjectMapping: 0.300000 ms MarkObjects: 9.206300 ms  DeleteObjects: 0.386300 ms)

Prepare: number of updated asset objects reloaded= 0
AssetImportParameters requested are different than current active one (requested -> active):
  custom:container-demuxer-ogg: 62fdf1f143b41e24485cea50d1cbac27 -> 
  custom:video-codec-MediaFoundation-h265: 746d11721c4dcdbdad8f713fa42b33f4 -> 
  custom:video-decoder-ogg-theora: a1e56fd34408186e4bbccfd4996cb3dc -> 
  custom:framework-win-MediaFoundation: 216162199b28c13a410421893ffa2e32 -> 
  custom:CustomObjectIndexerAttribute: a3ef5dd2817f97addfee359851a9dba5 -> 
  custom:container-demuxer-webm: 4f35f7cbe854078d1ac9338744f61a02 -> 
  custom:container-muxer-webm: aa71ff27fc2769a1b78a27578f13a17b -> 
  custom:video-decoder-webm-vp8: 9c59270c3fd7afecdb556c50c9e8de78 -> 
  custom:SearchIndexIgnoredProperties: e643bd26f0fe6173181afceb89e7c659 -> 
  custom:AudioImporter_EditorPlatform: d09bf68614088b80899f8185d706f6e7 -> 
  custom:video-encoder-webm-vp8: eb34c28f22e8b96e1ab97ce403110664 -> 
  custom:audio-decoder-ogg-vorbis: bf7c407c2cedff20999df2af8eb42d56 -> 
  custom:audio-encoder-webm-vorbis: bf7c407c2cedff20999df2af8eb42d56 -> 
========================================================================
Received Prepare
Begin MonoManager ReloadAssembly
- Loaded All Assemblies, in  0.429 seconds
Refreshing native plugins compatible for Editor in 3.72 ms, found 3 plugins.
Native extension for WindowsStandalone target not found
Native extension for WebGL target not found
System.Exception: Error! Visual Scripting: couldn't find visual scripting package
  at Unity.VisualScripting.PackageVersionUtility.get_version () [0x00043] in .\Library\PackageCache\com.unity.visualscripting@1.9.4\Editor\VisualScripting.Core\Utilities\PackageVersionUtility.cs:31 
  at Unity.VisualScripting.BoltCoreManifest.get_version () [0x00000] in .\Library\PackageCache\com.unity.visualscripting@1.9.4\Editor\VisualScripting.Core\Plugin\BoltCoreManifest.cs:11 
  at Unity.VisualScripting.PluginManifest.get_currentVersion () [0x00000] in .\Library\PackageCache\com.unity.visualscripting@1.9.4\Editor\VisualScripting.Core\Plugins\PluginManifest.cs:33 
  at Unity.VisualScripting.PluginManifest.get_versionMismatch () [0x00000] in .\Library\PackageCache\com.unity.visualscripting@1.9.4\Editor\VisualScripting.Core\Plugins\PluginManifest.cs:48 
  at Unity.VisualScripting.PluginContainer.Initialize () [0x00525] in .\Library\PackageCache\com.unity.visualscripting@1.9.4\Editor\VisualScripting.Core\Plugins\PluginContainer.cs:208 
  at Unity.VisualScripting.PluginContainer.InitializeOnLoad () [0x00009] in .\Library\PackageCache\com.unity.visualscripting@1.9.4\Editor\VisualScripting.Core\Plugins\PluginContainer.cs:32 
  at Unity.VisualScripting.VSUsageUtility.DoInitializeOnLoadCalls () [0x00034] in .\Library\PackageCache\com.unity.visualscripting@1.9.4\Editor\VisualScripting.Core\Utilities\VSUsageUtility.cs:76 
  at Unity.VisualScripting.VSUsageUtility.set_isVisualScriptingUsed (System.Boolean value) [0x0002c] in .\Library\PackageCache\com.unity.visualscripting@1.9.4\Editor\VisualScripting.Core\Utilities\VSUsageUtility.cs:114 
  at Unity.VisualScripting.VSUsageUtility.CheckAndSetIsVisualScriptingUsed () [0x0000d] in .\Library\PackageCache\com.unity.visualscripting@1.9.4\Editor\VisualScripting.Core\Utilities\VSUsageUtility.cs:33 
  at Unity.VisualScripting.VSUsageUtility..cctor () [0x00000] in .\Library\PackageCache\com.unity.visualscripting@1.9.4\Editor\VisualScripting.Core\Utilities\VSUsageUtility.cs:22 
UnityEngine.StackTraceUtility:ExtractStackTrace ()
UnityEngine.DebugLogHandler:LogFormat (UnityEngine.LogType,UnityEngine.Object,string,object[])
UnityEngine.Logger:Log (UnityEngine.LogType,object)
UnityEngine.Debug:LogError (object)
UnityEditor.EditorAssemblies:ProcessInitializeOnLoadAttributes (System.Type[])

[Package Manager] Server::EnsureServerProcessIsRunning -- launch failed, reason: Unity was launched with the -noUpm command-line argument
[Package Manager] UpmClient::Send -- Unable to send message (not connected to UPM process).
[Package Manager] Cannot connect to Unity Package Manager local server
Mono: successfully reloaded assembly
- Finished resetting the current domain, in  1.593 seconds
Domain Reload Profiling: 2020ms
	BeginReloadAssembly (167ms)
		ExecutionOrderSort (0ms)
		DisableScriptedObjects (4ms)
		BackupInstance (0ms)
		ReleaseScriptingObjects (0ms)
		CreateAndSetChildDomain (46ms)
	RebuildCommonClasses (30ms)
	RebuildNativeTypeToScriptingClass (10ms)
	initialDomainReloadingComplete (25ms)
	LoadAllAssembliesAndSetupDomain (194ms)
		LoadAssemblies (244ms)
		RebuildTransferFunctionScriptingTraits (0ms)
		AnalyzeDomain (22ms)
			TypeCache.Refresh (8ms)
				TypeCache.ScanAssembly (0ms)
			ScanForSourceGeneratedMonoScriptInfo (0ms)
			ResolveRequiredComponents (12ms)
	FinalizeReload (1594ms)
		ReleaseScriptCaches (0ms)
		RebuildScriptCaches (0ms)
		SetupLoadedEditorAssemblies (705ms)
			LogAssemblyErrors (0ms)
			InitializePlatformSupportModulesInManaged (9ms)
			SetLoadedEditorAssemblies (4ms)
			RefreshPlugins (0ms)
			BeforeProcessingInitializeOnLoad (72ms)
			ProcessInitializeOnLoadAttributes (552ms)
			ProcessInitializeOnLoadMethodAttributes (61ms)
			AfterProcessingInitializeOnLoad (7ms)
			EditorAssembliesLoaded (0ms)
		ExecutionOrderSort2 (0ms)
		AwakeInstancesAfterBackupRestoration (15ms)
Refreshing native plugins compatible for Editor in 5.07 ms, found 3 plugins.
Preloading 0 native plugins for Editor in 0.00 ms.
Unloading 5344 Unused Serialized files (Serialized files now loaded: 0)
Unloading 54 unused Assets / (0.9 MB). Loaded Objects now: 6262.
Memory consumption went from 228.1 MB to 227.3 MB.
Total: 10.286300 ms (FindLiveObjects: 0.471800 ms CreateObjectMapping: 0.223600 ms MarkObjects: 9.202900 ms  DeleteObjects: 0.386600 ms)

Prepare: number of updated asset objects reloaded= 0
AssetImportParameters requested are different than current active one (requested -> active):
  custom:container-demuxer-ogg: 62fdf1f143b41e24485cea50d1cbac27 -> 
  custom:video-codec-MediaFoundation-h265: 746d11721c4dcdbdad8f713fa42b33f4 -> 
  custom:video-decoder-ogg-theora: a1e56fd34408186e4bbccfd4996cb3dc -> 
  custom:framework-win-MediaFoundation: 216162199b28c13a410421893ffa2e32 -> 
  custom:CustomObjectIndexerAttribute: a3ef5dd2817f97addfee359851a9dba5 -> 
  custom:container-demuxer-webm: 4f35f7cbe854078d1ac9338744f61a02 -> 
  custom:container-muxer-webm: aa71ff27fc2769a1b78a27578f13a17b -> 
  custom:video-decoder-webm-vp8: 9c59270c3fd7afecdb556c50c9e8de78 -> 
  custom:SearchIndexIgnoredProperties: e643bd26f0fe6173181afceb89e7c659 -> 
  custom:AudioImporter_EditorPlatform: d09bf68614088b80899f8185d706f6e7 -> 
  custom:video-encoder-webm-vp8: eb34c28f22e8b96e1ab97ce403110664 -> 
  custom:audio-decoder-ogg-vorbis: bf7c407c2cedff20999df2af8eb42d56 -> 
  custom:audio-encoder-webm-vorbis: bf7c407c2cedff20999df2af8eb42d56 -> 
========================================================================
Received Prepare
Begin MonoManager ReloadAssembly
- Loaded All Assemblies, in  0.421 seconds
Refreshing native plugins compatible for Editor in 4.35 ms, found 3 plugins.
Native extension for WindowsStandalone target not found
Native extension for WebGL target not found
System.Exception: Error! Visual Scripting: couldn't find visual scripting package
  at Unity.VisualScripting.PackageVersionUtility.get_version () [0x00043] in .\Library\PackageCache\com.unity.visualscripting@1.9.4\Editor\VisualScripting.Core\Utilities\PackageVersionUtility.cs:31 
  at Unity.VisualScripting.BoltCoreManifest.get_version () [0x00000] in .\Library\PackageCache\com.unity.visualscripting@1.9.4\Editor\VisualScripting.Core\Plugin\BoltCoreManifest.cs:11 
  at Unity.VisualScripting.PluginManifest.get_currentVersion () [0x00000] in .\Library\PackageCache\com.unity.visualscripting@1.9.4\Editor\VisualScripting.Core\Plugins\PluginManifest.cs:33 
  at Unity.VisualScripting.PluginManifest.get_versionMismatch () [0x00000] in .\Library\PackageCache\com.unity.visualscripting@1.9.4\Editor\VisualScripting.Core\Plugins\PluginManifest.cs:48 
  at Unity.VisualScripting.PluginContainer.Initialize () [0x00525] in .\Library\PackageCache\com.unity.visualscripting@1.9.4\Editor\VisualScripting.Core\Plugins\PluginContainer.cs:208 
  at Unity.VisualScripting.PluginContainer.InitializeOnLoad () [0x00009] in .\Library\PackageCache\com.unity.visualscripting@1.9.4\Editor\VisualScripting.Core\Plugins\PluginContainer.cs:32 
  at Unity.VisualScripting.VSUsageUtility.DoInitializeOnLoadCalls () [0x00034] in .\Library\PackageCache\com.unity.visualscripting@1.9.4\Editor\VisualScripting.Core\Utilities\VSUsageUtility.cs:76 
  at Unity.VisualScripting.VSUsageUtility.set_isVisualScriptingUsed (System.Boolean value) [0x0002c] in .\Library\PackageCache\com.unity.visualscripting@1.9.4\Editor\VisualScripting.Core\Utilities\VSUsageUtility.cs:114 
  at Unity.VisualScripting.VSUsageUtility.CheckAndSetIsVisualScriptingUsed () [0x0000d] in .\Library\PackageCache\com.unity.visualscripting@1.9.4\Editor\VisualScripting.Core\Utilities\VSUsageUtility.cs:33 
  at Unity.VisualScripting.VSUsageUtility..cctor () [0x00000] in .\Library\PackageCache\com.unity.visualscripting@1.9.4\Editor\VisualScripting.Core\Utilities\VSUsageUtility.cs:22 
UnityEngine.StackTraceUtility:ExtractStackTrace ()
UnityEngine.DebugLogHandler:LogFormat (UnityEngine.LogType,UnityEngine.Object,string,object[])
UnityEngine.Logger:Log (UnityEngine.LogType,object)
UnityEngine.Debug:LogError (object)
UnityEditor.EditorAssemblies:ProcessInitializeOnLoadAttributes (System.Type[])

[Package Manager] Server::EnsureServerProcessIsRunning -- launch failed, reason: Unity was launched with the -noUpm command-line argument
[Package Manager] UpmClient::Send -- Unable to send message (not connected to UPM process).
[Package Manager] Cannot connect to Unity Package Manager local server
Mono: successfully reloaded assembly
- Finished resetting the current domain, in  1.594 seconds
Domain Reload Profiling: 2012ms
	BeginReloadAssembly (166ms)
		ExecutionOrderSort (0ms)
		DisableScriptedObjects (3ms)
		BackupInstance (0ms)
		ReleaseScriptingObjects (0ms)
		CreateAndSetChildDomain (43ms)
	RebuildCommonClasses (28ms)
	RebuildNativeTypeToScriptingClass (10ms)
	initialDomainReloadingComplete (33ms)
	LoadAllAssembliesAndSetupDomain (182ms)
		LoadAssemblies (237ms)
		RebuildTransferFunctionScriptingTraits (0ms)
		AnalyzeDomain (18ms)
			TypeCache.Refresh (6ms)
				TypeCache.ScanAssembly (0ms)
			ScanForSourceGeneratedMonoScriptInfo (0ms)
			ResolveRequiredComponents (10ms)
	FinalizeReload (1594ms)
		ReleaseScriptCaches (0ms)
		RebuildScriptCaches (0ms)
		SetupLoadedEditorAssemblies (707ms)
			LogAssemblyErrors (0ms)
			InitializePlatformSupportModulesInManaged (8ms)
			SetLoadedEditorAssemblies (4ms)
			RefreshPlugins (0ms)
			BeforeProcessingInitializeOnLoad (79ms)
			ProcessInitializeOnLoadAttributes (550ms)
			ProcessInitializeOnLoadMethodAttributes (60ms)
			AfterProcessingInitializeOnLoad (6ms)
			EditorAssembliesLoaded (0ms)
		ExecutionOrderSort2 (0ms)
		AwakeInstancesAfterBackupRestoration (16ms)
Refreshing native plugins compatible for Editor in 4.20 ms, found 3 plugins.
Preloading 0 native plugins for Editor in 0.00 ms.
Unloading 5344 Unused Serialized files (Serialized files now loaded: 0)
Unloading 54 unused Assets / (0.9 MB). Loaded Objects now: 6279.
Memory consumption went from 230.1 MB to 229.2 MB.
Total: 11.329700 ms (FindLiveObjects: 0.574400 ms CreateObjectMapping: 0.455400 ms MarkObjects: 9.730200 ms  DeleteObjects: 0.568000 ms)

Prepare: number of updated asset objects reloaded= 0
AssetImportParameters requested are different than current active one (requested -> active):
  custom:container-demuxer-ogg: 62fdf1f143b41e24485cea50d1cbac27 -> 
  custom:video-codec-MediaFoundation-h265: 746d11721c4dcdbdad8f713fa42b33f4 -> 
  custom:video-decoder-ogg-theora: a1e56fd34408186e4bbccfd4996cb3dc -> 
  custom:framework-win-MediaFoundation: 216162199b28c13a410421893ffa2e32 -> 
  custom:CustomObjectIndexerAttribute: a3ef5dd2817f97addfee359851a9dba5 -> 
  custom:container-demuxer-webm: 4f35f7cbe854078d1ac9338744f61a02 -> 
  custom:container-muxer-webm: aa71ff27fc2769a1b78a27578f13a17b -> 
  custom:video-decoder-webm-vp8: 9c59270c3fd7afecdb556c50c9e8de78 -> 
  custom:SearchIndexIgnoredProperties: e643bd26f0fe6173181afceb89e7c659 -> 
  custom:AudioImporter_EditorPlatform: d09bf68614088b80899f8185d706f6e7 -> 
  custom:video-encoder-webm-vp8: eb34c28f22e8b96e1ab97ce403110664 -> 
  custom:audio-decoder-ogg-vorbis: bf7c407c2cedff20999df2af8eb42d56 -> 
  custom:audio-encoder-webm-vorbis: bf7c407c2cedff20999df2af8eb42d56 -> 
========================================================================
Received Prepare
Begin MonoManager ReloadAssembly
- Loaded All Assemblies, in  2.231 seconds
Refreshing native plugins compatible for Editor in 4.61 ms, found 3 plugins.
Native extension for WindowsStandalone target not found
Native extension for WebGL target not found
System.Exception: Error! Visual Scripting: couldn't find visual scripting package
  at Unity.VisualScripting.PackageVersionUtility.get_version () [0x00043] in .\Library\PackageCache\com.unity.visualscripting@1.9.4\Editor\VisualScripting.Core\Utilities\PackageVersionUtility.cs:31 
  at Unity.VisualScripting.BoltCoreManifest.get_version () [0x00000] in .\Library\PackageCache\com.unity.visualscripting@1.9.4\Editor\VisualScripting.Core\Plugin\BoltCoreManifest.cs:11 
  at Unity.VisualScripting.PluginManifest.get_currentVersion () [0x00000] in .\Library\PackageCache\com.unity.visualscripting@1.9.4\Editor\VisualScripting.Core\Plugins\PluginManifest.cs:33 
  at Unity.VisualScripting.PluginManifest.get_versionMismatch () [0x00000] in .\Library\PackageCache\com.unity.visualscripting@1.9.4\Editor\VisualScripting.Core\Plugins\PluginManifest.cs:48 
  at Unity.VisualScripting.PluginContainer.Initialize () [0x00525] in .\Library\PackageCache\com.unity.visualscripting@1.9.4\Editor\VisualScripting.Core\Plugins\PluginContainer.cs:208 
  at Unity.VisualScripting.PluginContainer.InitializeOnLoad () [0x00009] in .\Library\PackageCache\com.unity.visualscripting@1.9.4\Editor\VisualScripting.Core\Plugins\PluginContainer.cs:32 
  at Unity.VisualScripting.VSUsageUtility.DoInitializeOnLoadCalls () [0x00034] in .\Library\PackageCache\com.unity.visualscripting@1.9.4\Editor\VisualScripting.Core\Utilities\VSUsageUtility.cs:76 
  at Unity.VisualScripting.VSUsageUtility.set_isVisualScriptingUsed (System.Boolean value) [0x0002c] in .\Library\PackageCache\com.unity.visualscripting@1.9.4\Editor\VisualScripting.Core\Utilities\VSUsageUtility.cs:114 
  at Unity.VisualScripting.VSUsageUtility.CheckAndSetIsVisualScriptingUsed () [0x0000d] in .\Library\PackageCache\com.unity.visualscripting@1.9.4\Editor\VisualScripting.Core\Utilities\VSUsageUtility.cs:33 
  at Unity.VisualScripting.VSUsageUtility..cctor () [0x00000] in .\Library\PackageCache\com.unity.visualscripting@1.9.4\Editor\VisualScripting.Core\Utilities\VSUsageUtility.cs:22 
UnityEngine.StackTraceUtility:ExtractStackTrace ()
UnityEngine.DebugLogHandler:LogFormat (UnityEngine.LogType,UnityEngine.Object,string,object[])
UnityEngine.Logger:Log (UnityEngine.LogType,object)
UnityEngine.Debug:LogError (object)
UnityEditor.EditorAssemblies:ProcessInitializeOnLoadAttributes (System.Type[])

[Package Manager] Server::EnsureServerProcessIsRunning -- launch failed, reason: Unity was launched with the -noUpm command-line argument
[Package Manager] UpmClient::Send -- Unable to send message (not connected to UPM process).
[Package Manager] Cannot connect to Unity Package Manager local server
Mono: successfully reloaded assembly
- Finished resetting the current domain, in 16.116 seconds
Domain Reload Profiling: 18344ms
	BeginReloadAssembly (195ms)
		ExecutionOrderSort (0ms)
		DisableScriptedObjects (3ms)
		BackupInstance (0ms)
		ReleaseScriptingObjects (0ms)
		CreateAndSetChildDomain (41ms)
	RebuildCommonClasses (123ms)
	RebuildNativeTypeToScriptingClass (10ms)
	initialDomainReloadingComplete (24ms)
	LoadAllAssembliesAndSetupDomain (1875ms)
		LoadAssemblies (1960ms)
		RebuildTransferFunctionScriptingTraits (0ms)
		AnalyzeDomain (22ms)
			TypeCache.Refresh (6ms)
				TypeCache.ScanAssembly (0ms)
			ScanForSourceGeneratedMonoScriptInfo (0ms)
			ResolveRequiredComponents (14ms)
	FinalizeReload (16116ms)
		ReleaseScriptCaches (0ms)
		RebuildScriptCaches (0ms)
		SetupLoadedEditorAssemblies (783ms)
			LogAssemblyErrors (0ms)
			InitializePlatformSupportModulesInManaged (5ms)
			SetLoadedEditorAssemblies (3ms)
			RefreshPlugins (0ms)
			BeforeProcessingInitializeOnLoad (60ms)
			ProcessInitializeOnLoadAttributes (653ms)
			ProcessInitializeOnLoadMethodAttributes (56ms)
			AfterProcessingInitializeOnLoad (6ms)
			EditorAssembliesLoaded (0ms)
		ExecutionOrderSort2 (0ms)
		AwakeInstancesAfterBackupRestoration (13ms)
Refreshing native plugins compatible for Editor in 4.16 ms, found 3 plugins.
Preloading 0 native plugins for Editor in 0.00 ms.
Unloading 5344 Unused Serialized files (Serialized files now loaded: 0)
Unloading 54 unused Assets / (0.9 MB). Loaded Objects now: 6296.
Memory consumption went from 232.0 MB to 231.1 MB.
Total: 13.732100 ms (FindLiveObjects: 0.388400 ms CreateObjectMapping: 0.200100 ms MarkObjects: 12.762100 ms  DeleteObjects: 0.379700 ms)

Prepare: number of updated asset objects reloaded= 0
AssetImportParameters requested are different than current active one (requested -> active):
  custom:container-demuxer-ogg: 62fdf1f143b41e24485cea50d1cbac27 -> 
  custom:video-codec-MediaFoundation-h265: 746d11721c4dcdbdad8f713fa42b33f4 -> 
  custom:video-decoder-ogg-theora: a1e56fd34408186e4bbccfd4996cb3dc -> 
  custom:framework-win-MediaFoundation: 216162199b28c13a410421893ffa2e32 -> 
  custom:CustomObjectIndexerAttribute: a3ef5dd2817f97addfee359851a9dba5 -> 
  custom:container-demuxer-webm: 4f35f7cbe854078d1ac9338744f61a02 -> 
  custom:container-muxer-webm: aa71ff27fc2769a1b78a27578f13a17b -> 
  custom:video-decoder-webm-vp8: 9c59270c3fd7afecdb556c50c9e8de78 -> 
  custom:SearchIndexIgnoredProperties: e643bd26f0fe6173181afceb89e7c659 -> 
  custom:AudioImporter_EditorPlatform: d09bf68614088b80899f8185d706f6e7 -> 
  custom:video-encoder-webm-vp8: eb34c28f22e8b96e1ab97ce403110664 -> 
  custom:audio-decoder-ogg-vorbis: bf7c407c2cedff20999df2af8eb42d56 -> 
  custom:audio-encoder-webm-vorbis: bf7c407c2cedff20999df2af8eb42d56 -> 
========================================================================
Received Prepare
Begin MonoManager ReloadAssembly
- Loaded All Assemblies, in  2.062 seconds
Refreshing native plugins compatible for Editor in 3.50 ms, found 3 plugins.
Native extension for WindowsStandalone target not found
Native extension for WebGL target not found
System.Exception: Error! Visual Scripting: couldn't find visual scripting package
  at Unity.VisualScripting.PackageVersionUtility.get_version () [0x00043] in .\Library\PackageCache\com.unity.visualscripting@1.9.4\Editor\VisualScripting.Core\Utilities\PackageVersionUtility.cs:31 
  at Unity.VisualScripting.BoltCoreManifest.get_version () [0x00000] in .\Library\PackageCache\com.unity.visualscripting@1.9.4\Editor\VisualScripting.Core\Plugin\BoltCoreManifest.cs:11 
  at Unity.VisualScripting.PluginManifest.get_currentVersion () [0x00000] in .\Library\PackageCache\com.unity.visualscripting@1.9.4\Editor\VisualScripting.Core\Plugins\PluginManifest.cs:33 
  at Unity.VisualScripting.PluginManifest.get_versionMismatch () [0x00000] in .\Library\PackageCache\com.unity.visualscripting@1.9.4\Editor\VisualScripting.Core\Plugins\PluginManifest.cs:48 
  at Unity.VisualScripting.PluginContainer.Initialize () [0x00525] in .\Library\PackageCache\com.unity.visualscripting@1.9.4\Editor\VisualScripting.Core\Plugins\PluginContainer.cs:208 
  at Unity.VisualScripting.PluginContainer.InitializeOnLoad () [0x00009] in .\Library\PackageCache\com.unity.visualscripting@1.9.4\Editor\VisualScripting.Core\Plugins\PluginContainer.cs:32 
  at Unity.VisualScripting.VSUsageUtility.DoInitializeOnLoadCalls () [0x00034] in .\Library\PackageCache\com.unity.visualscripting@1.9.4\Editor\VisualScripting.Core\Utilities\VSUsageUtility.cs:76 
  at Unity.VisualScripting.VSUsageUtility.set_isVisualScriptingUsed (System.Boolean value) [0x0002c] in .\Library\PackageCache\com.unity.visualscripting@1.9.4\Editor\VisualScripting.Core\Utilities\VSUsageUtility.cs:114 
  at Unity.VisualScripting.VSUsageUtility.CheckAndSetIsVisualScriptingUsed () [0x0000d] in .\Library\PackageCache\com.unity.visualscripting@1.9.4\Editor\VisualScripting.Core\Utilities\VSUsageUtility.cs:33 
  at Unity.VisualScripting.VSUsageUtility..cctor () [0x00000] in .\Library\PackageCache\com.unity.visualscripting@1.9.4\Editor\VisualScripting.Core\Utilities\VSUsageUtility.cs:22 
UnityEngine.StackTraceUtility:ExtractStackTrace ()
UnityEngine.DebugLogHandler:LogFormat (UnityEngine.LogType,UnityEngine.Object,string,object[])
UnityEngine.Logger:Log (UnityEngine.LogType,object)
UnityEngine.Debug:LogError (object)
UnityEditor.EditorAssemblies:ProcessInitializeOnLoadAttributes (System.Type[])

[Package Manager] Server::EnsureServerProcessIsRunning -- launch failed, reason: Unity was launched with the -noUpm command-line argument
[Package Manager] UpmClient::Send -- Unable to send message (not connected to UPM process).
[Package Manager] Cannot connect to Unity Package Manager local server
Mono: successfully reloaded assembly
- Finished resetting the current domain, in 15.959 seconds
Domain Reload Profiling: 18019ms
	BeginReloadAssembly (202ms)
		ExecutionOrderSort (0ms)
		DisableScriptedObjects (5ms)
		BackupInstance (0ms)
		ReleaseScriptingObjects (0ms)
		CreateAndSetChildDomain (45ms)
	RebuildCommonClasses (135ms)
	RebuildNativeTypeToScriptingClass (10ms)
	initialDomainReloadingComplete (26ms)
	LoadAllAssembliesAndSetupDomain (1686ms)
		LoadAssemblies (1744ms)
		RebuildTransferFunctionScriptingTraits (0ms)
		AnalyzeDomain (39ms)
			TypeCache.Refresh (9ms)
				TypeCache.ScanAssembly (1ms)
			ScanForSourceGeneratedMonoScriptInfo (18ms)
			ResolveRequiredComponents (10ms)
	FinalizeReload (15960ms)
		ReleaseScriptCaches (0ms)
		RebuildScriptCaches (0ms)
		SetupLoadedEditorAssemblies (838ms)
			LogAssemblyErrors (0ms)
			InitializePlatformSupportModulesInManaged (5ms)
			SetLoadedEditorAssemblies (4ms)
			RefreshPlugins (0ms)
			BeforeProcessingInitializeOnLoad (69ms)
			ProcessInitializeOnLoadAttributes (695ms)
			ProcessInitializeOnLoadMethodAttributes (57ms)
			AfterProcessingInitializeOnLoad (8ms)
			EditorAssembliesLoaded (0ms)
		ExecutionOrderSort2 (0ms)
		AwakeInstancesAfterBackupRestoration (12ms)
Refreshing native plugins compatible for Editor in 5.24 ms, found 3 plugins.
Preloading 0 native plugins for Editor in 0.00 ms.
Unloading 5344 Unused Serialized files (Serialized files now loaded: 0)
Unloading 54 unused Assets / (0.9 MB). Loaded Objects now: 6313.
Memory consumption went from 234.0 MB to 233.1 MB.
Total: 12.261000 ms (FindLiveObjects: 0.473400 ms CreateObjectMapping: 0.400100 ms MarkObjects: 10.997100 ms  DeleteObjects: 0.389000 ms)

Prepare: number of updated asset objects reloaded= 0
AssetImportParameters requested are different than current active one (requested -> active):
  custom:container-demuxer-ogg: 62fdf1f143b41e24485cea50d1cbac27 -> 
  custom:video-codec-MediaFoundation-h265: 746d11721c4dcdbdad8f713fa42b33f4 -> 
  custom:video-decoder-ogg-theora: a1e56fd34408186e4bbccfd4996cb3dc -> 
  custom:framework-win-MediaFoundation: 216162199b28c13a410421893ffa2e32 -> 
  custom:CustomObjectIndexerAttribute: a3ef5dd2817f97addfee359851a9dba5 -> 
  custom:container-demuxer-webm: 4f35f7cbe854078d1ac9338744f61a02 -> 
  custom:container-muxer-webm: aa71ff27fc2769a1b78a27578f13a17b -> 
  custom:video-decoder-webm-vp8: 9c59270c3fd7afecdb556c50c9e8de78 -> 
  custom:SearchIndexIgnoredProperties: e643bd26f0fe6173181afceb89e7c659 -> 
  custom:AudioImporter_EditorPlatform: d09bf68614088b80899f8185d706f6e7 -> 
  custom:video-encoder-webm-vp8: eb34c28f22e8b96e1ab97ce403110664 -> 
  custom:audio-decoder-ogg-vorbis: bf7c407c2cedff20999df2af8eb42d56 -> 
  custom:audio-encoder-webm-vorbis: bf7c407c2cedff20999df2af8eb42d56 -> 
========================================================================
Received Prepare
Begin MonoManager ReloadAssembly
- Loaded All Assemblies, in  0.455 seconds
Refreshing native plugins compatible for Editor in 4.07 ms, found 3 plugins.
Native extension for WindowsStandalone target not found
Native extension for WebGL target not found
System.Exception: Error! Visual Scripting: couldn't find visual scripting package
  at Unity.VisualScripting.PackageVersionUtility.get_version () [0x00043] in .\Library\PackageCache\com.unity.visualscripting@1.9.4\Editor\VisualScripting.Core\Utilities\PackageVersionUtility.cs:31 
  at Unity.VisualScripting.BoltCoreManifest.get_version () [0x00000] in .\Library\PackageCache\com.unity.visualscripting@1.9.4\Editor\VisualScripting.Core\Plugin\BoltCoreManifest.cs:11 
  at Unity.VisualScripting.PluginManifest.get_currentVersion () [0x00000] in .\Library\PackageCache\com.unity.visualscripting@1.9.4\Editor\VisualScripting.Core\Plugins\PluginManifest.cs:33 
  at Unity.VisualScripting.PluginManifest.get_versionMismatch () [0x00000] in .\Library\PackageCache\com.unity.visualscripting@1.9.4\Editor\VisualScripting.Core\Plugins\PluginManifest.cs:48 
  at Unity.VisualScripting.PluginContainer.Initialize () [0x00525] in .\Library\PackageCache\com.unity.visualscripting@1.9.4\Editor\VisualScripting.Core\Plugins\PluginContainer.cs:208 
  at Unity.VisualScripting.PluginContainer.InitializeOnLoad () [0x00009] in .\Library\PackageCache\com.unity.visualscripting@1.9.4\Editor\VisualScripting.Core\Plugins\PluginContainer.cs:32 
  at Unity.VisualScripting.VSUsageUtility.DoInitializeOnLoadCalls () [0x00034] in .\Library\PackageCache\com.unity.visualscripting@1.9.4\Editor\VisualScripting.Core\Utilities\VSUsageUtility.cs:76 
  at Unity.VisualScripting.VSUsageUtility.set_isVisualScriptingUsed (System.Boolean value) [0x0002c] in .\Library\PackageCache\com.unity.visualscripting@1.9.4\Editor\VisualScripting.Core\Utilities\VSUsageUtility.cs:114 
  at Unity.VisualScripting.VSUsageUtility.CheckAndSetIsVisualScriptingUsed () [0x0000d] in .\Library\PackageCache\com.unity.visualscripting@1.9.4\Editor\VisualScripting.Core\Utilities\VSUsageUtility.cs:33 
  at Unity.VisualScripting.VSUsageUtility..cctor () [0x00000] in .\Library\PackageCache\com.unity.visualscripting@1.9.4\Editor\VisualScripting.Core\Utilities\VSUsageUtility.cs:22 
UnityEngine.StackTraceUtility:ExtractStackTrace ()
UnityEngine.DebugLogHandler:LogFormat (UnityEngine.LogType,UnityEngine.Object,string,object[])
UnityEngine.Logger:Log (UnityEngine.LogType,object)
UnityEngine.Debug:LogError (object)
UnityEditor.EditorAssemblies:ProcessInitializeOnLoadAttributes (System.Type[])

[Package Manager] Server::EnsureServerProcessIsRunning -- launch failed, reason: Unity was launched with the -noUpm command-line argument
[Package Manager] UpmClient::Send -- Unable to send message (not connected to UPM process).
[Package Manager] Cannot connect to Unity Package Manager local server
Mono: successfully reloaded assembly
- Finished resetting the current domain, in  1.496 seconds
Domain Reload Profiling: 1948ms
	BeginReloadAssembly (170ms)
		ExecutionOrderSort (0ms)
		DisableScriptedObjects (3ms)
		BackupInstance (0ms)
		ReleaseScriptingObjects (0ms)
		CreateAndSetChildDomain (41ms)
	RebuildCommonClasses (41ms)
	RebuildNativeTypeToScriptingClass (12ms)
	initialDomainReloadingComplete (34ms)
	LoadAllAssembliesAndSetupDomain (194ms)
		LoadAssemblies (253ms)
		RebuildTransferFunctionScriptingTraits (0ms)
		AnalyzeDomain (18ms)
			TypeCache.Refresh (6ms)
				TypeCache.ScanAssembly (0ms)
			ScanForSourceGeneratedMonoScriptInfo (0ms)
			ResolveRequiredComponents (10ms)
	FinalizeReload (1497ms)
		ReleaseScriptCaches (0ms)
		RebuildScriptCaches (0ms)
		SetupLoadedEditorAssemblies (603ms)
			LogAssemblyErrors (0ms)
			InitializePlatformSupportModulesInManaged (7ms)
			SetLoadedEditorAssemblies (4ms)
			RefreshPlugins (0ms)
			BeforeProcessingInitializeOnLoad (69ms)
			ProcessInitializeOnLoadAttributes (467ms)
			ProcessInitializeOnLoadMethodAttributes (51ms)
			AfterProcessingInitializeOnLoad (5ms)
			EditorAssembliesLoaded (0ms)
		ExecutionOrderSort2 (0ms)
		AwakeInstancesAfterBackupRestoration (12ms)
Refreshing native plugins compatible for Editor in 4.47 ms, found 3 plugins.
Preloading 0 native plugins for Editor in 0.00 ms.
Unloading 5344 Unused Serialized files (Serialized files now loaded: 0)
Unloading 54 unused Assets / (0.9 MB). Loaded Objects now: 6330.
Memory consumption went from 235.9 MB to 235.0 MB.
Total: 9.631200 ms (FindLiveObjects: 0.391900 ms CreateObjectMapping: 0.200700 ms MarkObjects: 8.660900 ms  DeleteObjects: 0.376200 ms)

Prepare: number of updated asset objects reloaded= 0
AssetImportParameters requested are different than current active one (requested -> active):
  custom:container-demuxer-ogg: 62fdf1f143b41e24485cea50d1cbac27 -> 
  custom:video-codec-MediaFoundation-h265: 746d11721c4dcdbdad8f713fa42b33f4 -> 
  custom:video-decoder-ogg-theora: a1e56fd34408186e4bbccfd4996cb3dc -> 
  custom:framework-win-MediaFoundation: 216162199b28c13a410421893ffa2e32 -> 
  custom:CustomObjectIndexerAttribute: a3ef5dd2817f97addfee359851a9dba5 -> 
  custom:container-demuxer-webm: 4f35f7cbe854078d1ac9338744f61a02 -> 
  custom:container-muxer-webm: aa71ff27fc2769a1b78a27578f13a17b -> 
  custom:video-decoder-webm-vp8: 9c59270c3fd7afecdb556c50c9e8de78 -> 
  custom:SearchIndexIgnoredProperties: e643bd26f0fe6173181afceb89e7c659 -> 
  custom:AudioImporter_EditorPlatform: d09bf68614088b80899f8185d706f6e7 -> 
  custom:video-encoder-webm-vp8: eb34c28f22e8b96e1ab97ce403110664 -> 
  custom:audio-decoder-ogg-vorbis: bf7c407c2cedff20999df2af8eb42d56 -> 
  custom:audio-encoder-webm-vorbis: bf7c407c2cedff20999df2af8eb42d56 -> 
========================================================================
Received Prepare
Begin MonoManager ReloadAssembly
- Loaded All Assemblies, in  0.533 seconds
Refreshing native plugins compatible for Editor in 4.43 ms, found 3 plugins.
Native extension for WindowsStandalone target not found
Native extension for WebGL target not found
System.Exception: Error! Visual Scripting: couldn't find visual scripting package
  at Unity.VisualScripting.PackageVersionUtility.get_version () [0x00043] in .\Library\PackageCache\com.unity.visualscripting@1.9.4\Editor\VisualScripting.Core\Utilities\PackageVersionUtility.cs:31 
  at Unity.VisualScripting.BoltCoreManifest.get_version () [0x00000] in .\Library\PackageCache\com.unity.visualscripting@1.9.4\Editor\VisualScripting.Core\Plugin\BoltCoreManifest.cs:11 
  at Unity.VisualScripting.PluginManifest.get_currentVersion () [0x00000] in .\Library\PackageCache\com.unity.visualscripting@1.9.4\Editor\VisualScripting.Core\Plugins\PluginManifest.cs:33 
  at Unity.VisualScripting.PluginManifest.get_versionMismatch () [0x00000] in .\Library\PackageCache\com.unity.visualscripting@1.9.4\Editor\VisualScripting.Core\Plugins\PluginManifest.cs:48 
  at Unity.VisualScripting.PluginContainer.Initialize () [0x00525] in .\Library\PackageCache\com.unity.visualscripting@1.9.4\Editor\VisualScripting.Core\Plugins\PluginContainer.cs:208 
  at Unity.VisualScripting.PluginContainer.InitializeOnLoad () [0x00009] in .\Library\PackageCache\com.unity.visualscripting@1.9.4\Editor\VisualScripting.Core\Plugins\PluginContainer.cs:32 
  at Unity.VisualScripting.VSUsageUtility.DoInitializeOnLoadCalls () [0x00034] in .\Library\PackageCache\com.unity.visualscripting@1.9.4\Editor\VisualScripting.Core\Utilities\VSUsageUtility.cs:76 
  at Unity.VisualScripting.VSUsageUtility.set_isVisualScriptingUsed (System.Boolean value) [0x0002c] in .\Library\PackageCache\com.unity.visualscripting@1.9.4\Editor\VisualScripting.Core\Utilities\VSUsageUtility.cs:114 
  at Unity.VisualScripting.VSUsageUtility.CheckAndSetIsVisualScriptingUsed () [0x0000d] in .\Library\PackageCache\com.unity.visualscripting@1.9.4\Editor\VisualScripting.Core\Utilities\VSUsageUtility.cs:33 
  at Unity.VisualScripting.VSUsageUtility..cctor () [0x00000] in .\Library\PackageCache\com.unity.visualscripting@1.9.4\Editor\VisualScripting.Core\Utilities\VSUsageUtility.cs:22 
UnityEngine.StackTraceUtility:ExtractStackTrace ()
UnityEngine.DebugLogHandler:LogFormat (UnityEngine.LogType,UnityEngine.Object,string,object[])
UnityEngine.Logger:Log (UnityEngine.LogType,object)
UnityEngine.Debug:LogError (object)
UnityEditor.EditorAssemblies:ProcessInitializeOnLoadAttributes (System.Type[])

[Package Manager] Server::EnsureServerProcessIsRunning -- launch failed, reason: Unity was launched with the -noUpm command-line argument
[Package Manager] UpmClient::Send -- Unable to send message (not connected to UPM process).
[Package Manager] Cannot connect to Unity Package Manager local server
Mono: successfully reloaded assembly
- Finished resetting the current domain, in  1.473 seconds
Domain Reload Profiling: 2003ms
	BeginReloadAssembly (210ms)
		ExecutionOrderSort (0ms)
		DisableScriptedObjects (4ms)
		BackupInstance (0ms)
		ReleaseScriptingObjects (0ms)
		CreateAndSetChildDomain (51ms)
	RebuildCommonClasses (37ms)
	RebuildNativeTypeToScriptingClass (10ms)
	initialDomainReloadingComplete (30ms)
	LoadAllAssembliesAndSetupDomain (242ms)
		LoadAssemblies (276ms)
		RebuildTransferFunctionScriptingTraits (0ms)
		AnalyzeDomain (46ms)
			TypeCache.Refresh (12ms)
				TypeCache.ScanAssembly (1ms)
			ScanForSourceGeneratedMonoScriptInfo (22ms)
			ResolveRequiredComponents (11ms)
	FinalizeReload (1474ms)
		ReleaseScriptCaches (0ms)
		RebuildScriptCaches (0ms)
		SetupLoadedEditorAssemblies (584ms)
			LogAssemblyErrors (0ms)
			InitializePlatformSupportModulesInManaged (6ms)
			SetLoadedEditorAssemblies (3ms)
			RefreshPlugins (0ms)
			BeforeProcessingInitializeOnLoad (61ms)
			ProcessInitializeOnLoadAttributes (446ms)
			ProcessInitializeOnLoadMethodAttributes (60ms)
			AfterProcessingInitializeOnLoad (8ms)
			EditorAssembliesLoaded (0ms)
		ExecutionOrderSort2 (0ms)
		AwakeInstancesAfterBackupRestoration (16ms)
Refreshing native plugins compatible for Editor in 4.03 ms, found 3 plugins.
Preloading 0 native plugins for Editor in 0.00 ms.
Unloading 5344 Unused Serialized files (Serialized files now loaded: 0)
Unloading 54 unused Assets / (0.9 MB). Loaded Objects now: 6347.
Memory consumption went from 237.8 MB to 237.0 MB.
Total: 14.501300 ms (FindLiveObjects: 0.393500 ms CreateObjectMapping: 0.198800 ms MarkObjects: 13.514500 ms  DeleteObjects: 0.392700 ms)

Prepare: number of updated asset objects reloaded= 0
AssetImportParameters requested are different than current active one (requested -> active):
  custom:container-demuxer-ogg: 62fdf1f143b41e24485cea50d1cbac27 -> 
  custom:video-codec-MediaFoundation-h265: 746d11721c4dcdbdad8f713fa42b33f4 -> 
  custom:video-decoder-ogg-theora: a1e56fd34408186e4bbccfd4996cb3dc -> 
  custom:framework-win-MediaFoundation: 216162199b28c13a410421893ffa2e32 -> 
  custom:CustomObjectIndexerAttribute: a3ef5dd2817f97addfee359851a9dba5 -> 
  custom:container-demuxer-webm: 4f35f7cbe854078d1ac9338744f61a02 -> 
  custom:container-muxer-webm: aa71ff27fc2769a1b78a27578f13a17b -> 
  custom:video-decoder-webm-vp8: 9c59270c3fd7afecdb556c50c9e8de78 -> 
  custom:SearchIndexIgnoredProperties: e643bd26f0fe6173181afceb89e7c659 -> 
  custom:AudioImporter_EditorPlatform: d09bf68614088b80899f8185d706f6e7 -> 
  custom:video-encoder-webm-vp8: eb34c28f22e8b96e1ab97ce403110664 -> 
  custom:audio-decoder-ogg-vorbis: bf7c407c2cedff20999df2af8eb42d56 -> 
  custom:audio-encoder-webm-vorbis: bf7c407c2cedff20999df2af8eb42d56 -> 
========================================================================
Received Prepare
Begin MonoManager ReloadAssembly
- Loaded All Assemblies, in  0.407 seconds
Refreshing native plugins compatible for Editor in 3.48 ms, found 3 plugins.
Native extension for WindowsStandalone target not found
Native extension for WebGL target not found
System.Exception: Error! Visual Scripting: couldn't find visual scripting package
  at Unity.VisualScripting.PackageVersionUtility.get_version () [0x00043] in .\Library\PackageCache\com.unity.visualscripting@1.9.4\Editor\VisualScripting.Core\Utilities\PackageVersionUtility.cs:31 
  at Unity.VisualScripting.BoltCoreManifest.get_version () [0x00000] in .\Library\PackageCache\com.unity.visualscripting@1.9.4\Editor\VisualScripting.Core\Plugin\BoltCoreManifest.cs:11 
  at Unity.VisualScripting.PluginManifest.get_currentVersion () [0x00000] in .\Library\PackageCache\com.unity.visualscripting@1.9.4\Editor\VisualScripting.Core\Plugins\PluginManifest.cs:33 
  at Unity.VisualScripting.PluginManifest.get_versionMismatch () [0x00000] in .\Library\PackageCache\com.unity.visualscripting@1.9.4\Editor\VisualScripting.Core\Plugins\PluginManifest.cs:48 
  at Unity.VisualScripting.PluginContainer.Initialize () [0x00525] in .\Library\PackageCache\com.unity.visualscripting@1.9.4\Editor\VisualScripting.Core\Plugins\PluginContainer.cs:208 
  at Unity.VisualScripting.PluginContainer.InitializeOnLoad () [0x00009] in .\Library\PackageCache\com.unity.visualscripting@1.9.4\Editor\VisualScripting.Core\Plugins\PluginContainer.cs:32 
  at Unity.VisualScripting.VSUsageUtility.DoInitializeOnLoadCalls () [0x00034] in .\Library\PackageCache\com.unity.visualscripting@1.9.4\Editor\VisualScripting.Core\Utilities\VSUsageUtility.cs:76 
  at Unity.VisualScripting.VSUsageUtility.set_isVisualScriptingUsed (System.Boolean value) [0x0002c] in .\Library\PackageCache\com.unity.visualscripting@1.9.4\Editor\VisualScripting.Core\Utilities\VSUsageUtility.cs:114 
  at Unity.VisualScripting.VSUsageUtility.CheckAndSetIsVisualScriptingUsed () [0x0000d] in .\Library\PackageCache\com.unity.visualscripting@1.9.4\Editor\VisualScripting.Core\Utilities\VSUsageUtility.cs:33 
  at Unity.VisualScripting.VSUsageUtility..cctor () [0x00000] in .\Library\PackageCache\com.unity.visualscripting@1.9.4\Editor\VisualScripting.Core\Utilities\VSUsageUtility.cs:22 
UnityEngine.StackTraceUtility:ExtractStackTrace ()
UnityEngine.DebugLogHandler:LogFormat (UnityEngine.LogType,UnityEngine.Object,string,object[])
UnityEngine.Logger:Log (UnityEngine.LogType,object)
UnityEngine.Debug:LogError (object)
UnityEditor.EditorAssemblies:ProcessInitializeOnLoadAttributes (System.Type[])

[Package Manager] Server::EnsureServerProcessIsRunning -- launch failed, reason: Unity was launched with the -noUpm command-line argument
[Package Manager] UpmClient::Send -- Unable to send message (not connected to UPM process).
[Package Manager] Cannot connect to Unity Package Manager local server
Mono: successfully reloaded assembly
- Finished resetting the current domain, in  1.561 seconds
Domain Reload Profiling: 1966ms
	BeginReloadAssembly (153ms)
		ExecutionOrderSort (0ms)
		DisableScriptedObjects (3ms)
		BackupInstance (0ms)
		ReleaseScriptingObjects (0ms)
		CreateAndSetChildDomain (39ms)
	RebuildCommonClasses (27ms)
	RebuildNativeTypeToScriptingClass (9ms)
	initialDomainReloadingComplete (25ms)
	LoadAllAssembliesAndSetupDomain (189ms)
		LoadAssemblies (236ms)
		RebuildTransferFunctionScriptingTraits (0ms)
		AnalyzeDomain (18ms)
			TypeCache.Refresh (6ms)
				TypeCache.ScanAssembly (0ms)
			ScanForSourceGeneratedMonoScriptInfo (0ms)
			ResolveRequiredComponents (11ms)
	FinalizeReload (1562ms)
		ReleaseScriptCaches (0ms)
		RebuildScriptCaches (0ms)
		SetupLoadedEditorAssemblies (698ms)
			LogAssemblyErrors (0ms)
			InitializePlatformSupportModulesInManaged (8ms)
			SetLoadedEditorAssemblies (4ms)
			RefreshPlugins (0ms)
			BeforeProcessingInitializeOnLoad (79ms)
			ProcessInitializeOnLoadAttributes (541ms)
			ProcessInitializeOnLoadMethodAttributes (60ms)
			AfterProcessingInitializeOnLoad (7ms)
			EditorAssembliesLoaded (0ms)
		ExecutionOrderSort2 (0ms)
		AwakeInstancesAfterBackupRestoration (15ms)
Refreshing native plugins compatible for Editor in 4.89 ms, found 3 plugins.
Preloading 0 native plugins for Editor in 0.00 ms.
Unloading 5344 Unused Serialized files (Serialized files now loaded: 0)
Unloading 54 unused Assets / (0.9 MB). Loaded Objects now: 6364.
Memory consumption went from 239.8 MB to 238.9 MB.
Total: 10.396100 ms (FindLiveObjects: 0.411200 ms CreateObjectMapping: 0.210600 ms MarkObjects: 9.335900 ms  DeleteObjects: 0.436300 ms)

Prepare: number of updated asset objects reloaded= 0
AssetImportParameters requested are different than current active one (requested -> active):
  custom:container-demuxer-ogg: 62fdf1f143b41e24485cea50d1cbac27 -> 
  custom:video-codec-MediaFoundation-h265: 746d11721c4dcdbdad8f713fa42b33f4 -> 
  custom:video-decoder-ogg-theora: a1e56fd34408186e4bbccfd4996cb3dc -> 
  custom:framework-win-MediaFoundation: 216162199b28c13a410421893ffa2e32 -> 
  custom:CustomObjectIndexerAttribute: a3ef5dd2817f97addfee359851a9dba5 -> 
  custom:container-demuxer-webm: 4f35f7cbe854078d1ac9338744f61a02 -> 
  custom:container-muxer-webm: aa71ff27fc2769a1b78a27578f13a17b -> 
  custom:video-decoder-webm-vp8: 9c59270c3fd7afecdb556c50c9e8de78 -> 
  custom:SearchIndexIgnoredProperties: e643bd26f0fe6173181afceb89e7c659 -> 
  custom:AudioImporter_EditorPlatform: d09bf68614088b80899f8185d706f6e7 -> 
  custom:video-encoder-webm-vp8: eb34c28f22e8b96e1ab97ce403110664 -> 
  custom:audio-decoder-ogg-vorbis: bf7c407c2cedff20999df2af8eb42d56 -> 
  custom:audio-encoder-webm-vorbis: bf7c407c2cedff20999df2af8eb42d56 -> 
========================================================================
Received Prepare
Begin MonoManager ReloadAssembly
- Loaded All Assemblies, in  0.415 seconds
Refreshing native plugins compatible for Editor in 4.98 ms, found 3 plugins.
Native extension for WindowsStandalone target not found
Native extension for WebGL target not found
System.Exception: Error! Visual Scripting: couldn't find visual scripting package
  at Unity.VisualScripting.PackageVersionUtility.get_version () [0x00043] in .\Library\PackageCache\com.unity.visualscripting@1.9.4\Editor\VisualScripting.Core\Utilities\PackageVersionUtility.cs:31 
  at Unity.VisualScripting.BoltCoreManifest.get_version () [0x00000] in .\Library\PackageCache\com.unity.visualscripting@1.9.4\Editor\VisualScripting.Core\Plugin\BoltCoreManifest.cs:11 
  at Unity.VisualScripting.PluginManifest.get_currentVersion () [0x00000] in .\Library\PackageCache\com.unity.visualscripting@1.9.4\Editor\VisualScripting.Core\Plugins\PluginManifest.cs:33 
  at Unity.VisualScripting.PluginManifest.get_versionMismatch () [0x00000] in .\Library\PackageCache\com.unity.visualscripting@1.9.4\Editor\VisualScripting.Core\Plugins\PluginManifest.cs:48 
  at Unity.VisualScripting.PluginContainer.Initialize () [0x00525] in .\Library\PackageCache\com.unity.visualscripting@1.9.4\Editor\VisualScripting.Core\Plugins\PluginContainer.cs:208 
  at Unity.VisualScripting.PluginContainer.InitializeOnLoad () [0x00009] in .\Library\PackageCache\com.unity.visualscripting@1.9.4\Editor\VisualScripting.Core\Plugins\PluginContainer.cs:32 
  at Unity.VisualScripting.VSUsageUtility.DoInitializeOnLoadCalls () [0x00034] in .\Library\PackageCache\com.unity.visualscripting@1.9.4\Editor\VisualScripting.Core\Utilities\VSUsageUtility.cs:76 
  at Unity.VisualScripting.VSUsageUtility.set_isVisualScriptingUsed (System.Boolean value) [0x0002c] in .\Library\PackageCache\com.unity.visualscripting@1.9.4\Editor\VisualScripting.Core\Utilities\VSUsageUtility.cs:114 
  at Unity.VisualScripting.VSUsageUtility.CheckAndSetIsVisualScriptingUsed () [0x0000d] in .\Library\PackageCache\com.unity.visualscripting@1.9.4\Editor\VisualScripting.Core\Utilities\VSUsageUtility.cs:33 
  at Unity.VisualScripting.VSUsageUtility..cctor () [0x00000] in .\Library\PackageCache\com.unity.visualscripting@1.9.4\Editor\VisualScripting.Core\Utilities\VSUsageUtility.cs:22 
UnityEngine.StackTraceUtility:ExtractStackTrace ()
UnityEngine.DebugLogHandler:LogFormat (UnityEngine.LogType,UnityEngine.Object,string,object[])
UnityEngine.Logger:Log (UnityEngine.LogType,object)
UnityEngine.Debug:LogError (object)
UnityEditor.EditorAssemblies:ProcessInitializeOnLoadAttributes (System.Type[])

[Package Manager] Server::EnsureServerProcessIsRunning -- launch failed, reason: Unity was launched with the -noUpm command-line argument
[Package Manager] UpmClient::Send -- Unable to send message (not connected to UPM process).
[Package Manager] Cannot connect to Unity Package Manager local server
Mono: successfully reloaded assembly
- Finished resetting the current domain, in  1.595 seconds
Domain Reload Profiling: 2007ms
	BeginReloadAssembly (156ms)
		ExecutionOrderSort (0ms)
		DisableScriptedObjects (4ms)
		BackupInstance (0ms)
		ReleaseScriptingObjects (0ms)
		CreateAndSetChildDomain (37ms)
	RebuildCommonClasses (29ms)
	RebuildNativeTypeToScriptingClass (9ms)
	initialDomainReloadingComplete (31ms)
	LoadAllAssembliesAndSetupDomain (186ms)
		LoadAssemblies (237ms)
		RebuildTransferFunctionScriptingTraits (0ms)
		AnalyzeDomain (19ms)
			TypeCache.Refresh (6ms)
				TypeCache.ScanAssembly (0ms)
			ScanForSourceGeneratedMonoScriptInfo (0ms)
			ResolveRequiredComponents (11ms)
	FinalizeReload (1596ms)
		ReleaseScriptCaches (0ms)
		RebuildScriptCaches (0ms)
		SetupLoadedEditorAssemblies (687ms)
			LogAssemblyErrors (0ms)
			InitializePlatformSupportModulesInManaged (8ms)
			SetLoadedEditorAssemblies (4ms)
			RefreshPlugins (0ms)
			BeforeProcessingInitializeOnLoad (80ms)
			ProcessInitializeOnLoadAttributes (530ms)
			ProcessInitializeOnLoadMethodAttributes (59ms)
			AfterProcessingInitializeOnLoad (6ms)
			EditorAssembliesLoaded (0ms)
		ExecutionOrderSort2 (0ms)
		AwakeInstancesAfterBackupRestoration (15ms)
Refreshing native plugins compatible for Editor in 4.85 ms, found 3 plugins.
Preloading 0 native plugins for Editor in 0.00 ms.
Unloading 5344 Unused Serialized files (Serialized files now loaded: 0)
Unloading 54 unused Assets / (0.9 MB). Loaded Objects now: 6381.
Memory consumption went from 241.6 MB to 240.8 MB.
Total: 10.915600 ms (FindLiveObjects: 0.463000 ms CreateObjectMapping: 0.308800 ms MarkObjects: 9.751300 ms  DeleteObjects: 0.391300 ms)

Prepare: number of updated asset objects reloaded= 0
AssetImportParameters requested are different than current active one (requested -> active):
  custom:container-demuxer-ogg: 62fdf1f143b41e24485cea50d1cbac27 -> 
  custom:video-codec-MediaFoundation-h265: 746d11721c4dcdbdad8f713fa42b33f4 -> 
  custom:video-decoder-ogg-theora: a1e56fd34408186e4bbccfd4996cb3dc -> 
  custom:framework-win-MediaFoundation: 216162199b28c13a410421893ffa2e32 -> 
  custom:CustomObjectIndexerAttribute: a3ef5dd2817f97addfee359851a9dba5 -> 
  custom:container-demuxer-webm: 4f35f7cbe854078d1ac9338744f61a02 -> 
  custom:container-muxer-webm: aa71ff27fc2769a1b78a27578f13a17b -> 
  custom:video-decoder-webm-vp8: 9c59270c3fd7afecdb556c50c9e8de78 -> 
  custom:SearchIndexIgnoredProperties: e643bd26f0fe6173181afceb89e7c659 -> 
  custom:AudioImporter_EditorPlatform: d09bf68614088b80899f8185d706f6e7 -> 
  custom:video-encoder-webm-vp8: eb34c28f22e8b96e1ab97ce403110664 -> 
  custom:audio-decoder-ogg-vorbis: bf7c407c2cedff20999df2af8eb42d56 -> 
  custom:audio-encoder-webm-vorbis: bf7c407c2cedff20999df2af8eb42d56 -> 
========================================================================
Received Prepare
Begin MonoManager ReloadAssembly
- Loaded All Assemblies, in  0.428 seconds
Refreshing native plugins compatible for Editor in 3.61 ms, found 3 plugins.
Native extension for WindowsStandalone target not found
Native extension for WebGL target not found
System.Exception: Error! Visual Scripting: couldn't find visual scripting package
  at Unity.VisualScripting.PackageVersionUtility.get_version () [0x00043] in .\Library\PackageCache\com.unity.visualscripting@1.9.4\Editor\VisualScripting.Core\Utilities\PackageVersionUtility.cs:31 
  at Unity.VisualScripting.BoltCoreManifest.get_version () [0x00000] in .\Library\PackageCache\com.unity.visualscripting@1.9.4\Editor\VisualScripting.Core\Plugin\BoltCoreManifest.cs:11 
  at Unity.VisualScripting.PluginManifest.get_currentVersion () [0x00000] in .\Library\PackageCache\com.unity.visualscripting@1.9.4\Editor\VisualScripting.Core\Plugins\PluginManifest.cs:33 
  at Unity.VisualScripting.PluginManifest.get_versionMismatch () [0x00000] in .\Library\PackageCache\com.unity.visualscripting@1.9.4\Editor\VisualScripting.Core\Plugins\PluginManifest.cs:48 
  at Unity.VisualScripting.PluginContainer.Initialize () [0x00525] in .\Library\PackageCache\com.unity.visualscripting@1.9.4\Editor\VisualScripting.Core\Plugins\PluginContainer.cs:208 
  at Unity.VisualScripting.PluginContainer.InitializeOnLoad () [0x00009] in .\Library\PackageCache\com.unity.visualscripting@1.9.4\Editor\VisualScripting.Core\Plugins\PluginContainer.cs:32 
  at Unity.VisualScripting.VSUsageUtility.DoInitializeOnLoadCalls () [0x00034] in .\Library\PackageCache\com.unity.visualscripting@1.9.4\Editor\VisualScripting.Core\Utilities\VSUsageUtility.cs:76 
  at Unity.VisualScripting.VSUsageUtility.set_isVisualScriptingUsed (System.Boolean value) [0x0002c] in .\Library\PackageCache\com.unity.visualscripting@1.9.4\Editor\VisualScripting.Core\Utilities\VSUsageUtility.cs:114 
  at Unity.VisualScripting.VSUsageUtility.CheckAndSetIsVisualScriptingUsed () [0x0000d] in .\Library\PackageCache\com.unity.visualscripting@1.9.4\Editor\VisualScripting.Core\Utilities\VSUsageUtility.cs:33 
  at Unity.VisualScripting.VSUsageUtility..cctor () [0x00000] in .\Library\PackageCache\com.unity.visualscripting@1.9.4\Editor\VisualScripting.Core\Utilities\VSUsageUtility.cs:22 
UnityEngine.StackTraceUtility:ExtractStackTrace ()
UnityEngine.DebugLogHandler:LogFormat (UnityEngine.LogType,UnityEngine.Object,string,object[])
UnityEngine.Logger:Log (UnityEngine.LogType,object)
UnityEngine.Debug:LogError (object)
UnityEditor.EditorAssemblies:ProcessInitializeOnLoadAttributes (System.Type[])

[Package Manager] Server::EnsureServerProcessIsRunning -- launch failed, reason: Unity was launched with the -noUpm command-line argument
[Package Manager] UpmClient::Send -- Unable to send message (not connected to UPM process).
[Package Manager] Cannot connect to Unity Package Manager local server
Mono: successfully reloaded assembly
- Finished resetting the current domain, in  1.599 seconds
Domain Reload Profiling: 2023ms
	BeginReloadAssembly (168ms)
		ExecutionOrderSort (0ms)
		DisableScriptedObjects (3ms)
		BackupInstance (0ms)
		ReleaseScriptingObjects (0ms)
		CreateAndSetChildDomain (47ms)
	RebuildCommonClasses (30ms)
	RebuildNativeTypeToScriptingClass (10ms)
	initialDomainReloadingComplete (26ms)
	LoadAllAssembliesAndSetupDomain (190ms)
		LoadAssemblies (244ms)
		RebuildTransferFunctionScriptingTraits (0ms)
		AnalyzeDomain (18ms)
			TypeCache.Refresh (6ms)
				TypeCache.ScanAssembly (0ms)
			ScanForSourceGeneratedMonoScriptInfo (0ms)
			ResolveRequiredComponents (10ms)
	FinalizeReload (1599ms)
		ReleaseScriptCaches (0ms)
		RebuildScriptCaches (0ms)
		SetupLoadedEditorAssemblies (697ms)
			LogAssemblyErrors (0ms)
			InitializePlatformSupportModulesInManaged (6ms)
			SetLoadedEditorAssemblies (3ms)
			RefreshPlugins (0ms)
			BeforeProcessingInitializeOnLoad (72ms)
			ProcessInitializeOnLoadAttributes (549ms)
			ProcessInitializeOnLoadMethodAttributes (59ms)
			AfterProcessingInitializeOnLoad (7ms)
			EditorAssembliesLoaded (0ms)
		ExecutionOrderSort2 (0ms)
		AwakeInstancesAfterBackupRestoration (15ms)
Refreshing native plugins compatible for Editor in 4.84 ms, found 3 plugins.
Preloading 0 native plugins for Editor in 0.00 ms.
Unloading 5344 Unused Serialized files (Serialized files now loaded: 0)
Unloading 54 unused Assets / (0.9 MB). Loaded Objects now: 6398.
Memory consumption went from 243.6 MB to 242.8 MB.
Total: 12.311700 ms (FindLiveObjects: 0.584800 ms CreateObjectMapping: 0.493100 ms MarkObjects: 10.822400 ms  DeleteObjects: 0.409900 ms)

Prepare: number of updated asset objects reloaded= 0
AssetImportParameters requested are different than current active one (requested -> active):
  custom:container-demuxer-ogg: 62fdf1f143b41e24485cea50d1cbac27 -> 
  custom:video-codec-MediaFoundation-h265: 746d11721c4dcdbdad8f713fa42b33f4 -> 
  custom:video-decoder-ogg-theora: a1e56fd34408186e4bbccfd4996cb3dc -> 
  custom:framework-win-MediaFoundation: 216162199b28c13a410421893ffa2e32 -> 
  custom:CustomObjectIndexerAttribute: a3ef5dd2817f97addfee359851a9dba5 -> 
  custom:container-demuxer-webm: 4f35f7cbe854078d1ac9338744f61a02 -> 
  custom:container-muxer-webm: aa71ff27fc2769a1b78a27578f13a17b -> 
  custom:video-decoder-webm-vp8: 9c59270c3fd7afecdb556c50c9e8de78 -> 
  custom:SearchIndexIgnoredProperties: e643bd26f0fe6173181afceb89e7c659 -> 
  custom:AudioImporter_EditorPlatform: d09bf68614088b80899f8185d706f6e7 -> 
  custom:video-encoder-webm-vp8: eb34c28f22e8b96e1ab97ce403110664 -> 
  custom:audio-decoder-ogg-vorbis: bf7c407c2cedff20999df2af8eb42d56 -> 
  custom:audio-encoder-webm-vorbis: bf7c407c2cedff20999df2af8eb42d56 -> 
========================================================================
Received Prepare
Begin MonoManager ReloadAssembly
- Loaded All Assemblies, in  0.467 seconds
Refreshing native plugins compatible for Editor in 4.18 ms, found 3 plugins.
Native extension for WindowsStandalone target not found
Native extension for WebGL target not found
System.Exception: Error! Visual Scripting: couldn't find visual scripting package
  at Unity.VisualScripting.PackageVersionUtility.get_version () [0x00043] in .\Library\PackageCache\com.unity.visualscripting@1.9.4\Editor\VisualScripting.Core\Utilities\PackageVersionUtility.cs:31 
  at Unity.VisualScripting.BoltCoreManifest.get_version () [0x00000] in .\Library\PackageCache\com.unity.visualscripting@1.9.4\Editor\VisualScripting.Core\Plugin\BoltCoreManifest.cs:11 
  at Unity.VisualScripting.PluginManifest.get_currentVersion () [0x00000] in .\Library\PackageCache\com.unity.visualscripting@1.9.4\Editor\VisualScripting.Core\Plugins\PluginManifest.cs:33 
  at Unity.VisualScripting.PluginManifest.get_versionMismatch () [0x00000] in .\Library\PackageCache\com.unity.visualscripting@1.9.4\Editor\VisualScripting.Core\Plugins\PluginManifest.cs:48 
  at Unity.VisualScripting.PluginContainer.Initialize () [0x00525] in .\Library\PackageCache\com.unity.visualscripting@1.9.4\Editor\VisualScripting.Core\Plugins\PluginContainer.cs:208 
  at Unity.VisualScripting.PluginContainer.InitializeOnLoad () [0x00009] in .\Library\PackageCache\com.unity.visualscripting@1.9.4\Editor\VisualScripting.Core\Plugins\PluginContainer.cs:32 
  at Unity.VisualScripting.VSUsageUtility.DoInitializeOnLoadCalls () [0x00034] in .\Library\PackageCache\com.unity.visualscripting@1.9.4\Editor\VisualScripting.Core\Utilities\VSUsageUtility.cs:76 
  at Unity.VisualScripting.VSUsageUtility.set_isVisualScriptingUsed (System.Boolean value) [0x0002c] in .\Library\PackageCache\com.unity.visualscripting@1.9.4\Editor\VisualScripting.Core\Utilities\VSUsageUtility.cs:114 
  at Unity.VisualScripting.VSUsageUtility.CheckAndSetIsVisualScriptingUsed () [0x0000d] in .\Library\PackageCache\com.unity.visualscripting@1.9.4\Editor\VisualScripting.Core\Utilities\VSUsageUtility.cs:33 
  at Unity.VisualScripting.VSUsageUtility..cctor () [0x00000] in .\Library\PackageCache\com.unity.visualscripting@1.9.4\Editor\VisualScripting.Core\Utilities\VSUsageUtility.cs:22 
UnityEngine.StackTraceUtility:ExtractStackTrace ()
UnityEngine.DebugLogHandler:LogFormat (UnityEngine.LogType,UnityEngine.Object,string,object[])
UnityEngine.Logger:Log (UnityEngine.LogType,object)
UnityEngine.Debug:LogError (object)
UnityEditor.EditorAssemblies:ProcessInitializeOnLoadAttributes (System.Type[])

[Package Manager] Server::EnsureServerProcessIsRunning -- launch failed, reason: Unity was launched with the -noUpm command-line argument
[Package Manager] UpmClient::Send -- Unable to send message (not connected to UPM process).
[Package Manager] Cannot connect to Unity Package Manager local server
Mono: successfully reloaded assembly
- Finished resetting the current domain, in  1.379 seconds
Domain Reload Profiling: 1844ms
	BeginReloadAssembly (171ms)
		ExecutionOrderSort (0ms)
		DisableScriptedObjects (3ms)
		BackupInstance (0ms)
		ReleaseScriptingObjects (0ms)
		CreateAndSetChildDomain (44ms)
	RebuildCommonClasses (28ms)
	RebuildNativeTypeToScriptingClass (10ms)
	initialDomainReloadingComplete (26ms)
	LoadAllAssembliesAndSetupDomain (229ms)
		LoadAssemblies (254ms)
		RebuildTransferFunctionScriptingTraits (0ms)
		AnalyzeDomain (52ms)
			TypeCache.Refresh (10ms)
				TypeCache.ScanAssembly (1ms)
			ScanForSourceGeneratedMonoScriptInfo (30ms)
			ResolveRequiredComponents (10ms)
	FinalizeReload (1380ms)
		ReleaseScriptCaches (0ms)
		RebuildScriptCaches (0ms)
		SetupLoadedEditorAssemblies (509ms)
			LogAssemblyErrors (0ms)
			InitializePlatformSupportModulesInManaged (5ms)
			SetLoadedEditorAssemblies (3ms)
			RefreshPlugins (0ms)
			BeforeProcessingInitializeOnLoad (60ms)
			ProcessInitializeOnLoadAttributes (385ms)
			ProcessInitializeOnLoadMethodAttributes (51ms)
			AfterProcessingInitializeOnLoad (5ms)
			EditorAssembliesLoaded (0ms)
		ExecutionOrderSort2 (0ms)
		AwakeInstancesAfterBackupRestoration (14ms)
Refreshing native plugins compatible for Editor in 3.71 ms, found 3 plugins.
Preloading 0 native plugins for Editor in 0.00 ms.
Unloading 5344 Unused Serialized files (Serialized files now loaded: 0)
Unloading 54 unused Assets / (0.8 MB). Loaded Objects now: 6415.
Memory consumption went from 245.5 MB to 244.7 MB.
Total: 12.455600 ms (FindLiveObjects: 0.403100 ms CreateObjectMapping: 0.202900 ms MarkObjects: 11.293800 ms  DeleteObjects: 0.554200 ms)

Prepare: number of updated asset objects reloaded= 0
AssetImportParameters requested are different than current active one (requested -> active):
  custom:container-demuxer-ogg: 62fdf1f143b41e24485cea50d1cbac27 -> 
  custom:video-codec-MediaFoundation-h265: 746d11721c4dcdbdad8f713fa42b33f4 -> 
  custom:video-decoder-ogg-theora: a1e56fd34408186e4bbccfd4996cb3dc -> 
  custom:framework-win-MediaFoundation: 216162199b28c13a410421893ffa2e32 -> 
  custom:CustomObjectIndexerAttribute: a3ef5dd2817f97addfee359851a9dba5 -> 
  custom:container-demuxer-webm: 4f35f7cbe854078d1ac9338744f61a02 -> 
  custom:container-muxer-webm: aa71ff27fc2769a1b78a27578f13a17b -> 
  custom:video-decoder-webm-vp8: 9c59270c3fd7afecdb556c50c9e8de78 -> 
  custom:SearchIndexIgnoredProperties: e643bd26f0fe6173181afceb89e7c659 -> 
  custom:AudioImporter_EditorPlatform: d09bf68614088b80899f8185d706f6e7 -> 
  custom:video-encoder-webm-vp8: eb34c28f22e8b96e1ab97ce403110664 -> 
  custom:audio-decoder-ogg-vorbis: bf7c407c2cedff20999df2af8eb42d56 -> 
  custom:audio-encoder-webm-vorbis: bf7c407c2cedff20999df2af8eb42d56 -> 
========================================================================
Received Prepare
Begin MonoManager ReloadAssembly
- Loaded All Assemblies, in  0.428 seconds
Refreshing native plugins compatible for Editor in 3.75 ms, found 3 plugins.
Native extension for WindowsStandalone target not found
Native extension for WebGL target not found
System.Exception: Error! Visual Scripting: couldn't find visual scripting package
  at Unity.VisualScripting.PackageVersionUtility.get_version () [0x00043] in .\Library\PackageCache\com.unity.visualscripting@1.9.4\Editor\VisualScripting.Core\Utilities\PackageVersionUtility.cs:31 
  at Unity.VisualScripting.BoltCoreManifest.get_version () [0x00000] in .\Library\PackageCache\com.unity.visualscripting@1.9.4\Editor\VisualScripting.Core\Plugin\BoltCoreManifest.cs:11 
  at Unity.VisualScripting.PluginManifest.get_currentVersion () [0x00000] in .\Library\PackageCache\com.unity.visualscripting@1.9.4\Editor\VisualScripting.Core\Plugins\PluginManifest.cs:33 
  at Unity.VisualScripting.PluginManifest.get_versionMismatch () [0x00000] in .\Library\PackageCache\com.unity.visualscripting@1.9.4\Editor\VisualScripting.Core\Plugins\PluginManifest.cs:48 
  at Unity.VisualScripting.PluginContainer.Initialize () [0x00525] in .\Library\PackageCache\com.unity.visualscripting@1.9.4\Editor\VisualScripting.Core\Plugins\PluginContainer.cs:208 
  at Unity.VisualScripting.PluginContainer.InitializeOnLoad () [0x00009] in .\Library\PackageCache\com.unity.visualscripting@1.9.4\Editor\VisualScripting.Core\Plugins\PluginContainer.cs:32 
  at Unity.VisualScripting.VSUsageUtility.DoInitializeOnLoadCalls () [0x00034] in .\Library\PackageCache\com.unity.visualscripting@1.9.4\Editor\VisualScripting.Core\Utilities\VSUsageUtility.cs:76 
  at Unity.VisualScripting.VSUsageUtility.set_isVisualScriptingUsed (System.Boolean value) [0x0002c] in .\Library\PackageCache\com.unity.visualscripting@1.9.4\Editor\VisualScripting.Core\Utilities\VSUsageUtility.cs:114 
  at Unity.VisualScripting.VSUsageUtility.CheckAndSetIsVisualScriptingUsed () [0x0000d] in .\Library\PackageCache\com.unity.visualscripting@1.9.4\Editor\VisualScripting.Core\Utilities\VSUsageUtility.cs:33 
  at Unity.VisualScripting.VSUsageUtility..cctor () [0x00000] in .\Library\PackageCache\com.unity.visualscripting@1.9.4\Editor\VisualScripting.Core\Utilities\VSUsageUtility.cs:22 
UnityEngine.StackTraceUtility:ExtractStackTrace ()
UnityEngine.DebugLogHandler:LogFormat (UnityEngine.LogType,UnityEngine.Object,string,object[])
UnityEngine.Logger:Log (UnityEngine.LogType,object)
UnityEngine.Debug:LogError (object)
UnityEditor.EditorAssemblies:ProcessInitializeOnLoadAttributes (System.Type[])

[Package Manager] Server::EnsureServerProcessIsRunning -- launch failed, reason: Unity was launched with the -noUpm command-line argument
[Package Manager] UpmClient::Send -- Unable to send message (not connected to UPM process).
[Package Manager] Cannot connect to Unity Package Manager local server
Mono: successfully reloaded assembly
- Finished resetting the current domain, in  1.589 seconds
Domain Reload Profiling: 2015ms
	BeginReloadAssembly (165ms)
		ExecutionOrderSort (0ms)
		DisableScriptedObjects (3ms)
		BackupInstance (0ms)
		ReleaseScriptingObjects (0ms)
		CreateAndSetChildDomain (45ms)
	RebuildCommonClasses (29ms)
	RebuildNativeTypeToScriptingClass (10ms)
	initialDomainReloadingComplete (30ms)
	LoadAllAssembliesAndSetupDomain (191ms)
		LoadAssemblies (239ms)
		RebuildTransferFunctionScriptingTraits (0ms)
		AnalyzeDomain (19ms)
			TypeCache.Refresh (6ms)
				TypeCache.ScanAssembly (0ms)
			ScanForSourceGeneratedMonoScriptInfo (0ms)
			ResolveRequiredComponents (11ms)
	FinalizeReload (1589ms)
		ReleaseScriptCaches (0ms)
		RebuildScriptCaches (0ms)
		SetupLoadedEditorAssemblies (705ms)
			LogAssemblyErrors (0ms)
			InitializePlatformSupportModulesInManaged (9ms)
			SetLoadedEditorAssemblies (3ms)
			RefreshPlugins (0ms)
			BeforeProcessingInitializeOnLoad (73ms)
			ProcessInitializeOnLoadAttributes (550ms)
			ProcessInitializeOnLoadMethodAttributes (61ms)
			AfterProcessingInitializeOnLoad (7ms)
			EditorAssembliesLoaded (0ms)
		ExecutionOrderSort2 (0ms)
		AwakeInstancesAfterBackupRestoration (16ms)
Refreshing native plugins compatible for Editor in 4.30 ms, found 3 plugins.
Preloading 0 native plugins for Editor in 0.00 ms.
Unloading 5344 Unused Serialized files (Serialized files now loaded: 0)
Unloading 54 unused Assets / (0.9 MB). Loaded Objects now: 6432.
Memory consumption went from 247.5 MB to 246.6 MB.
Total: 10.752300 ms (FindLiveObjects: 0.547600 ms CreateObjectMapping: 0.386100 ms MarkObjects: 9.428700 ms  DeleteObjects: 0.388600 ms)

Prepare: number of updated asset objects reloaded= 0
AssetImportParameters requested are different than current active one (requested -> active):
  custom:container-demuxer-ogg: 62fdf1f143b41e24485cea50d1cbac27 -> 
  custom:video-codec-MediaFoundation-h265: 746d11721c4dcdbdad8f713fa42b33f4 -> 
  custom:video-decoder-ogg-theora: a1e56fd34408186e4bbccfd4996cb3dc -> 
  custom:framework-win-MediaFoundation: 216162199b28c13a410421893ffa2e32 -> 
  custom:CustomObjectIndexerAttribute: a3ef5dd2817f97addfee359851a9dba5 -> 
  custom:container-demuxer-webm: 4f35f7cbe854078d1ac9338744f61a02 -> 
  custom:container-muxer-webm: aa71ff27fc2769a1b78a27578f13a17b -> 
  custom:video-decoder-webm-vp8: 9c59270c3fd7afecdb556c50c9e8de78 -> 
  custom:SearchIndexIgnoredProperties: e643bd26f0fe6173181afceb89e7c659 -> 
  custom:AudioImporter_EditorPlatform: d09bf68614088b80899f8185d706f6e7 -> 
  custom:video-encoder-webm-vp8: eb34c28f22e8b96e1ab97ce403110664 -> 
  custom:audio-decoder-ogg-vorbis: bf7c407c2cedff20999df2af8eb42d56 -> 
  custom:audio-encoder-webm-vorbis: bf7c407c2cedff20999df2af8eb42d56 -> 
========================================================================
Received Prepare
Begin MonoManager ReloadAssembly
- Loaded All Assemblies, in  0.459 seconds
Refreshing native plugins compatible for Editor in 3.52 ms, found 3 plugins.
Native extension for WindowsStandalone target not found
Native extension for WebGL target not found
System.Exception: Error! Visual Scripting: couldn't find visual scripting package
  at Unity.VisualScripting.PackageVersionUtility.get_version () [0x00043] in .\Library\PackageCache\com.unity.visualscripting@1.9.4\Editor\VisualScripting.Core\Utilities\PackageVersionUtility.cs:31 
  at Unity.VisualScripting.BoltCoreManifest.get_version () [0x00000] in .\Library\PackageCache\com.unity.visualscripting@1.9.4\Editor\VisualScripting.Core\Plugin\BoltCoreManifest.cs:11 
  at Unity.VisualScripting.PluginManifest.get_currentVersion () [0x00000] in .\Library\PackageCache\com.unity.visualscripting@1.9.4\Editor\VisualScripting.Core\Plugins\PluginManifest.cs:33 
  at Unity.VisualScripting.PluginManifest.get_versionMismatch () [0x00000] in .\Library\PackageCache\com.unity.visualscripting@1.9.4\Editor\VisualScripting.Core\Plugins\PluginManifest.cs:48 
  at Unity.VisualScripting.PluginContainer.Initialize () [0x00525] in .\Library\PackageCache\com.unity.visualscripting@1.9.4\Editor\VisualScripting.Core\Plugins\PluginContainer.cs:208 
  at Unity.VisualScripting.PluginContainer.InitializeOnLoad () [0x00009] in .\Library\PackageCache\com.unity.visualscripting@1.9.4\Editor\VisualScripting.Core\Plugins\PluginContainer.cs:32 
  at Unity.VisualScripting.VSUsageUtility.DoInitializeOnLoadCalls () [0x00034] in .\Library\PackageCache\com.unity.visualscripting@1.9.4\Editor\VisualScripting.Core\Utilities\VSUsageUtility.cs:76 
  at Unity.VisualScripting.VSUsageUtility.set_isVisualScriptingUsed (System.Boolean value) [0x0002c] in .\Library\PackageCache\com.unity.visualscripting@1.9.4\Editor\VisualScripting.Core\Utilities\VSUsageUtility.cs:114 
  at Unity.VisualScripting.VSUsageUtility.CheckAndSetIsVisualScriptingUsed () [0x0000d] in .\Library\PackageCache\com.unity.visualscripting@1.9.4\Editor\VisualScripting.Core\Utilities\VSUsageUtility.cs:33 
  at Unity.VisualScripting.VSUsageUtility..cctor () [0x00000] in .\Library\PackageCache\com.unity.visualscripting@1.9.4\Editor\VisualScripting.Core\Utilities\VSUsageUtility.cs:22 
UnityEngine.StackTraceUtility:ExtractStackTrace ()
UnityEngine.DebugLogHandler:LogFormat (UnityEngine.LogType,UnityEngine.Object,string,object[])
UnityEngine.Logger:Log (UnityEngine.LogType,object)
UnityEngine.Debug:LogError (object)
UnityEditor.EditorAssemblies:ProcessInitializeOnLoadAttributes (System.Type[])

[Package Manager] Server::EnsureServerProcessIsRunning -- launch failed, reason: Unity was launched with the -noUpm command-line argument
[Package Manager] UpmClient::Send -- Unable to send message (not connected to UPM process).
[Package Manager] Cannot connect to Unity Package Manager local server
Mono: successfully reloaded assembly
- Finished resetting the current domain, in  1.835 seconds
Domain Reload Profiling: 2289ms
	BeginReloadAssembly (182ms)
		ExecutionOrderSort (0ms)
		DisableScriptedObjects (4ms)
		BackupInstance (0ms)
		ReleaseScriptingObjects (0ms)
		CreateAndSetChildDomain (47ms)
	RebuildCommonClasses (31ms)
	RebuildNativeTypeToScriptingClass (11ms)
	initialDomainReloadingComplete (28ms)
	LoadAllAssembliesAndSetupDomain (201ms)
		LoadAssemblies (256ms)
		RebuildTransferFunctionScriptingTraits (0ms)
		AnalyzeDomain (19ms)
			TypeCache.Refresh (6ms)
				TypeCache.ScanAssembly (0ms)
			ScanForSourceGeneratedMonoScriptInfo (0ms)
			ResolveRequiredComponents (11ms)
	FinalizeReload (1835ms)
		ReleaseScriptCaches (0ms)
		RebuildScriptCaches (0ms)
		SetupLoadedEditorAssemblies (798ms)
			LogAssemblyErrors (0ms)
			InitializePlatformSupportModulesInManaged (7ms)
			SetLoadedEditorAssemblies (3ms)
			RefreshPlugins (0ms)
			BeforeProcessingInitializeOnLoad (88ms)
			ProcessInitializeOnLoadAttributes (615ms)
			ProcessInitializeOnLoadMethodAttributes (76ms)
			AfterProcessingInitializeOnLoad (8ms)
			EditorAssembliesLoaded (0ms)
		ExecutionOrderSort2 (0ms)
		AwakeInstancesAfterBackupRestoration (18ms)
Refreshing native plugins compatible for Editor in 5.77 ms, found 3 plugins.
Preloading 0 native plugins for Editor in 0.00 ms.
Unloading 5344 Unused Serialized files (Serialized files now loaded: 0)
Unloading 54 unused Assets / (0.9 MB). Loaded Objects now: 6449.
Memory consumption went from 249.4 MB to 248.6 MB.
Total: 11.207400 ms (FindLiveObjects: 0.452400 ms CreateObjectMapping: 0.219200 ms MarkObjects: 10.132300 ms  DeleteObjects: 0.402400 ms)

Prepare: number of updated asset objects reloaded= 0
AssetImportParameters requested are different than current active one (requested -> active):
  custom:container-demuxer-ogg: 62fdf1f143b41e24485cea50d1cbac27 -> 
  custom:video-codec-MediaFoundation-h265: 746d11721c4dcdbdad8f713fa42b33f4 -> 
  custom:video-decoder-ogg-theora: a1e56fd34408186e4bbccfd4996cb3dc -> 
  custom:framework-win-MediaFoundation: 216162199b28c13a410421893ffa2e32 -> 
  custom:CustomObjectIndexerAttribute: a3ef5dd2817f97addfee359851a9dba5 -> 
  custom:container-demuxer-webm: 4f35f7cbe854078d1ac9338744f61a02 -> 
  custom:container-muxer-webm: aa71ff27fc2769a1b78a27578f13a17b -> 
  custom:video-decoder-webm-vp8: 9c59270c3fd7afecdb556c50c9e8de78 -> 
  custom:SearchIndexIgnoredProperties: e643bd26f0fe6173181afceb89e7c659 -> 
  custom:AudioImporter_EditorPlatform: d09bf68614088b80899f8185d706f6e7 -> 
  custom:video-encoder-webm-vp8: eb34c28f22e8b96e1ab97ce403110664 -> 
  custom:audio-decoder-ogg-vorbis: bf7c407c2cedff20999df2af8eb42d56 -> 
  custom:audio-encoder-webm-vorbis: bf7c407c2cedff20999df2af8eb42d56 -> 
========================================================================
Received Prepare
Begin MonoManager ReloadAssembly
- Loaded All Assemblies, in  0.431 seconds
Refreshing native plugins compatible for Editor in 3.62 ms, found 3 plugins.
Native extension for WindowsStandalone target not found
Native extension for WebGL target not found
System.Exception: Error! Visual Scripting: couldn't find visual scripting package
  at Unity.VisualScripting.PackageVersionUtility.get_version () [0x00043] in .\Library\PackageCache\com.unity.visualscripting@1.9.4\Editor\VisualScripting.Core\Utilities\PackageVersionUtility.cs:31 
  at Unity.VisualScripting.BoltCoreManifest.get_version () [0x00000] in .\Library\PackageCache\com.unity.visualscripting@1.9.4\Editor\VisualScripting.Core\Plugin\BoltCoreManifest.cs:11 
  at Unity.VisualScripting.PluginManifest.get_currentVersion () [0x00000] in .\Library\PackageCache\com.unity.visualscripting@1.9.4\Editor\VisualScripting.Core\Plugins\PluginManifest.cs:33 
  at Unity.VisualScripting.PluginManifest.get_versionMismatch () [0x00000] in .\Library\PackageCache\com.unity.visualscripting@1.9.4\Editor\VisualScripting.Core\Plugins\PluginManifest.cs:48 
  at Unity.VisualScripting.PluginContainer.Initialize () [0x00525] in .\Library\PackageCache\com.unity.visualscripting@1.9.4\Editor\VisualScripting.Core\Plugins\PluginContainer.cs:208 
  at Unity.VisualScripting.PluginContainer.InitializeOnLoad () [0x00009] in .\Library\PackageCache\com.unity.visualscripting@1.9.4\Editor\VisualScripting.Core\Plugins\PluginContainer.cs:32 
  at Unity.VisualScripting.VSUsageUtility.DoInitializeOnLoadCalls () [0x00034] in .\Library\PackageCache\com.unity.visualscripting@1.9.4\Editor\VisualScripting.Core\Utilities\VSUsageUtility.cs:76 
  at Unity.VisualScripting.VSUsageUtility.set_isVisualScriptingUsed (System.Boolean value) [0x0002c] in .\Library\PackageCache\com.unity.visualscripting@1.9.4\Editor\VisualScripting.Core\Utilities\VSUsageUtility.cs:114 
  at Unity.VisualScripting.VSUsageUtility.CheckAndSetIsVisualScriptingUsed () [0x0000d] in .\Library\PackageCache\com.unity.visualscripting@1.9.4\Editor\VisualScripting.Core\Utilities\VSUsageUtility.cs:33 
  at Unity.VisualScripting.VSUsageUtility..cctor () [0x00000] in .\Library\PackageCache\com.unity.visualscripting@1.9.4\Editor\VisualScripting.Core\Utilities\VSUsageUtility.cs:22 
UnityEngine.StackTraceUtility:ExtractStackTrace ()
UnityEngine.DebugLogHandler:LogFormat (UnityEngine.LogType,UnityEngine.Object,string,object[])
UnityEngine.Logger:Log (UnityEngine.LogType,object)
UnityEngine.Debug:LogError (object)
UnityEditor.EditorAssemblies:ProcessInitializeOnLoadAttributes (System.Type[])

[Package Manager] Server::EnsureServerProcessIsRunning -- launch failed, reason: Unity was launched with the -noUpm command-line argument
[Package Manager] UpmClient::Send -- Unable to send message (not connected to UPM process).
[Package Manager] Cannot connect to Unity Package Manager local server
Mono: successfully reloaded assembly
- Finished resetting the current domain, in  1.649 seconds
Domain Reload Profiling: 2078ms
	BeginReloadAssembly (168ms)
		ExecutionOrderSort (0ms)
		DisableScriptedObjects (4ms)
		BackupInstance (0ms)
		ReleaseScriptingObjects (0ms)
		CreateAndSetChildDomain (47ms)
	RebuildCommonClasses (29ms)
	RebuildNativeTypeToScriptingClass (10ms)
	initialDomainReloadingComplete (32ms)
	LoadAllAssembliesAndSetupDomain (189ms)
		LoadAssemblies (237ms)
		RebuildTransferFunctionScriptingTraits (0ms)
		AnalyzeDomain (20ms)
			TypeCache.Refresh (7ms)
				TypeCache.ScanAssembly (0ms)
			ScanForSourceGeneratedMonoScriptInfo (0ms)
			ResolveRequiredComponents (11ms)
	FinalizeReload (1650ms)
		ReleaseScriptCaches (0ms)
		RebuildScriptCaches (0ms)
		SetupLoadedEditorAssemblies (736ms)
			LogAssemblyErrors (0ms)
			InitializePlatformSupportModulesInManaged (7ms)
			SetLoadedEditorAssemblies (3ms)
			RefreshPlugins (0ms)
			BeforeProcessingInitializeOnLoad (85ms)
			ProcessInitializeOnLoadAttributes (565ms)
			ProcessInitializeOnLoadMethodAttributes (68ms)
			AfterProcessingInitializeOnLoad (8ms)
			EditorAssembliesLoaded (0ms)
		ExecutionOrderSort2 (0ms)
		AwakeInstancesAfterBackupRestoration (17ms)
Refreshing native plugins compatible for Editor in 4.51 ms, found 3 plugins.
Preloading 0 native plugins for Editor in 0.00 ms.
Unloading 5344 Unused Serialized files (Serialized files now loaded: 0)
Unloading 54 unused Assets / (0.9 MB). Loaded Objects now: 6466.
Memory consumption went from 251.3 MB to 250.5 MB.
Total: 10.165900 ms (FindLiveObjects: 0.441200 ms CreateObjectMapping: 0.235000 ms MarkObjects: 9.077400 ms  DeleteObjects: 0.411100 ms)

Prepare: number of updated asset objects reloaded= 0
AssetImportParameters requested are different than current active one (requested -> active):
  custom:container-demuxer-ogg: 62fdf1f143b41e24485cea50d1cbac27 -> 
  custom:video-codec-MediaFoundation-h265: 746d11721c4dcdbdad8f713fa42b33f4 -> 
  custom:video-decoder-ogg-theora: a1e56fd34408186e4bbccfd4996cb3dc -> 
  custom:framework-win-MediaFoundation: 216162199b28c13a410421893ffa2e32 -> 
  custom:CustomObjectIndexerAttribute: a3ef5dd2817f97addfee359851a9dba5 -> 
  custom:container-demuxer-webm: 4f35f7cbe854078d1ac9338744f61a02 -> 
  custom:container-muxer-webm: aa71ff27fc2769a1b78a27578f13a17b -> 
  custom:video-decoder-webm-vp8: 9c59270c3fd7afecdb556c50c9e8de78 -> 
  custom:SearchIndexIgnoredProperties: e643bd26f0fe6173181afceb89e7c659 -> 
  custom:AudioImporter_EditorPlatform: d09bf68614088b80899f8185d706f6e7 -> 
  custom:video-encoder-webm-vp8: eb34c28f22e8b96e1ab97ce403110664 -> 
  custom:audio-decoder-ogg-vorbis: bf7c407c2cedff20999df2af8eb42d56 -> 
  custom:audio-encoder-webm-vorbis: bf7c407c2cedff20999df2af8eb42d56 -> 
========================================================================
Received Prepare
Begin MonoManager ReloadAssembly
- Loaded All Assemblies, in  0.483 seconds
Refreshing native plugins compatible for Editor in 4.71 ms, found 3 plugins.
Native extension for WindowsStandalone target not found
Native extension for WebGL target not found
System.Exception: Error! Visual Scripting: couldn't find visual scripting package
  at Unity.VisualScripting.PackageVersionUtility.get_version () [0x00043] in .\Library\PackageCache\com.unity.visualscripting@1.9.4\Editor\VisualScripting.Core\Utilities\PackageVersionUtility.cs:31 
  at Unity.VisualScripting.BoltCoreManifest.get_version () [0x00000] in .\Library\PackageCache\com.unity.visualscripting@1.9.4\Editor\VisualScripting.Core\Plugin\BoltCoreManifest.cs:11 
  at Unity.VisualScripting.PluginManifest.get_currentVersion () [0x00000] in .\Library\PackageCache\com.unity.visualscripting@1.9.4\Editor\VisualScripting.Core\Plugins\PluginManifest.cs:33 
  at Unity.VisualScripting.PluginManifest.get_versionMismatch () [0x00000] in .\Library\PackageCache\com.unity.visualscripting@1.9.4\Editor\VisualScripting.Core\Plugins\PluginManifest.cs:48 
  at Unity.VisualScripting.PluginContainer.Initialize () [0x00525] in .\Library\PackageCache\com.unity.visualscripting@1.9.4\Editor\VisualScripting.Core\Plugins\PluginContainer.cs:208 
  at Unity.VisualScripting.PluginContainer.InitializeOnLoad () [0x00009] in .\Library\PackageCache\com.unity.visualscripting@1.9.4\Editor\VisualScripting.Core\Plugins\PluginContainer.cs:32 
  at Unity.VisualScripting.VSUsageUtility.DoInitializeOnLoadCalls () [0x00034] in .\Library\PackageCache\com.unity.visualscripting@1.9.4\Editor\VisualScripting.Core\Utilities\VSUsageUtility.cs:76 
  at Unity.VisualScripting.VSUsageUtility.set_isVisualScriptingUsed (System.Boolean value) [0x0002c] in .\Library\PackageCache\com.unity.visualscripting@1.9.4\Editor\VisualScripting.Core\Utilities\VSUsageUtility.cs:114 
  at Unity.VisualScripting.VSUsageUtility.CheckAndSetIsVisualScriptingUsed () [0x0000d] in .\Library\PackageCache\com.unity.visualscripting@1.9.4\Editor\VisualScripting.Core\Utilities\VSUsageUtility.cs:33 
  at Unity.VisualScripting.VSUsageUtility..cctor () [0x00000] in .\Library\PackageCache\com.unity.visualscripting@1.9.4\Editor\VisualScripting.Core\Utilities\VSUsageUtility.cs:22 
UnityEngine.StackTraceUtility:ExtractStackTrace ()
UnityEngine.DebugLogHandler:LogFormat (UnityEngine.LogType,UnityEngine.Object,string,object[])
UnityEngine.Logger:Log (UnityEngine.LogType,object)
UnityEngine.Debug:LogError (object)
UnityEditor.EditorAssemblies:ProcessInitializeOnLoadAttributes (System.Type[])

[Package Manager] Server::EnsureServerProcessIsRunning -- launch failed, reason: Unity was launched with the -noUpm command-line argument
[Package Manager] UpmClient::Send -- Unable to send message (not connected to UPM process).
[Package Manager] Cannot connect to Unity Package Manager local server
Mono: successfully reloaded assembly
- Finished resetting the current domain, in  1.811 seconds
Domain Reload Profiling: 2291ms
	BeginReloadAssembly (183ms)
		ExecutionOrderSort (0ms)
		DisableScriptedObjects (4ms)
		BackupInstance (0ms)
		ReleaseScriptingObjects (0ms)
		CreateAndSetChildDomain (43ms)
	RebuildCommonClasses (43ms)
	RebuildNativeTypeToScriptingClass (11ms)
	initialDomainReloadingComplete (30ms)
	LoadAllAssembliesAndSetupDomain (213ms)
		LoadAssemblies (275ms)
		RebuildTransferFunctionScriptingTraits (0ms)
		AnalyzeDomain (25ms)
			TypeCache.Refresh (7ms)
				TypeCache.ScanAssembly (0ms)
			ScanForSourceGeneratedMonoScriptInfo (0ms)
			ResolveRequiredComponents (16ms)
	FinalizeReload (1811ms)
		ReleaseScriptCaches (0ms)
		RebuildScriptCaches (0ms)
		SetupLoadedEditorAssemblies (794ms)
			LogAssemblyErrors (0ms)
			InitializePlatformSupportModulesInManaged (9ms)
			SetLoadedEditorAssemblies (5ms)
			RefreshPlugins (0ms)
			BeforeProcessingInitializeOnLoad (91ms)
			ProcessInitializeOnLoadAttributes (609ms)
			ProcessInitializeOnLoadMethodAttributes (72ms)
			AfterProcessingInitializeOnLoad (8ms)
			EditorAssembliesLoaded (0ms)
		ExecutionOrderSort2 (0ms)
		AwakeInstancesAfterBackupRestoration (17ms)
Refreshing native plugins compatible for Editor in 6.68 ms, found 3 plugins.
Preloading 0 native plugins for Editor in 0.00 ms.
Unloading 5344 Unused Serialized files (Serialized files now loaded: 0)
Unloading 54 unused Assets / (0.9 MB). Loaded Objects now: 6483.
Memory consumption went from 253.3 MB to 252.4 MB.
Total: 13.987200 ms (FindLiveObjects: 0.645400 ms CreateObjectMapping: 0.269100 ms MarkObjects: 12.600200 ms  DeleteObjects: 0.470900 ms)

Prepare: number of updated asset objects reloaded= 0
AssetImportParameters requested are different than current active one (requested -> active):
  custom:container-demuxer-ogg: 62fdf1f143b41e24485cea50d1cbac27 -> 
  custom:video-codec-MediaFoundation-h265: 746d11721c4dcdbdad8f713fa42b33f4 -> 
  custom:video-decoder-ogg-theora: a1e56fd34408186e4bbccfd4996cb3dc -> 
  custom:framework-win-MediaFoundation: 216162199b28c13a410421893ffa2e32 -> 
  custom:CustomObjectIndexerAttribute: a3ef5dd2817f97addfee359851a9dba5 -> 
  custom:container-demuxer-webm: 4f35f7cbe854078d1ac9338744f61a02 -> 
  custom:container-muxer-webm: aa71ff27fc2769a1b78a27578f13a17b -> 
  custom:video-decoder-webm-vp8: 9c59270c3fd7afecdb556c50c9e8de78 -> 
  custom:SearchIndexIgnoredProperties: e643bd26f0fe6173181afceb89e7c659 -> 
  custom:AudioImporter_EditorPlatform: d09bf68614088b80899f8185d706f6e7 -> 
  custom:video-encoder-webm-vp8: eb34c28f22e8b96e1ab97ce403110664 -> 
  custom:audio-decoder-ogg-vorbis: bf7c407c2cedff20999df2af8eb42d56 -> 
  custom:audio-encoder-webm-vorbis: bf7c407c2cedff20999df2af8eb42d56 -> 
========================================================================
Received Prepare
Begin MonoManager ReloadAssembly
- Loaded All Assemblies, in  0.464 seconds
Refreshing native plugins compatible for Editor in 5.14 ms, found 3 plugins.
Native extension for WindowsStandalone target not found
Native extension for WebGL target not found
System.Exception: Error! Visual Scripting: couldn't find visual scripting package
  at Unity.VisualScripting.PackageVersionUtility.get_version () [0x00043] in .\Library\PackageCache\com.unity.visualscripting@1.9.4\Editor\VisualScripting.Core\Utilities\PackageVersionUtility.cs:31 
  at Unity.VisualScripting.BoltCoreManifest.get_version () [0x00000] in .\Library\PackageCache\com.unity.visualscripting@1.9.4\Editor\VisualScripting.Core\Plugin\BoltCoreManifest.cs:11 
  at Unity.VisualScripting.PluginManifest.get_currentVersion () [0x00000] in .\Library\PackageCache\com.unity.visualscripting@1.9.4\Editor\VisualScripting.Core\Plugins\PluginManifest.cs:33 
  at Unity.VisualScripting.PluginManifest.get_versionMismatch () [0x00000] in .\Library\PackageCache\com.unity.visualscripting@1.9.4\Editor\VisualScripting.Core\Plugins\PluginManifest.cs:48 
  at Unity.VisualScripting.PluginContainer.Initialize () [0x00525] in .\Library\PackageCache\com.unity.visualscripting@1.9.4\Editor\VisualScripting.Core\Plugins\PluginContainer.cs:208 
  at Unity.VisualScripting.PluginContainer.InitializeOnLoad () [0x00009] in .\Library\PackageCache\com.unity.visualscripting@1.9.4\Editor\VisualScripting.Core\Plugins\PluginContainer.cs:32 
  at Unity.VisualScripting.VSUsageUtility.DoInitializeOnLoadCalls () [0x00034] in .\Library\PackageCache\com.unity.visualscripting@1.9.4\Editor\VisualScripting.Core\Utilities\VSUsageUtility.cs:76 
  at Unity.VisualScripting.VSUsageUtility.set_isVisualScriptingUsed (System.Boolean value) [0x0002c] in .\Library\PackageCache\com.unity.visualscripting@1.9.4\Editor\VisualScripting.Core\Utilities\VSUsageUtility.cs:114 
  at Unity.VisualScripting.VSUsageUtility.CheckAndSetIsVisualScriptingUsed () [0x0000d] in .\Library\PackageCache\com.unity.visualscripting@1.9.4\Editor\VisualScripting.Core\Utilities\VSUsageUtility.cs:33 
  at Unity.VisualScripting.VSUsageUtility..cctor () [0x00000] in .\Library\PackageCache\com.unity.visualscripting@1.9.4\Editor\VisualScripting.Core\Utilities\VSUsageUtility.cs:22 
UnityEngine.StackTraceUtility:ExtractStackTrace ()
UnityEngine.DebugLogHandler:LogFormat (UnityEngine.LogType,UnityEngine.Object,string,object[])
UnityEngine.Logger:Log (UnityEngine.LogType,object)
UnityEngine.Debug:LogError (object)
UnityEditor.EditorAssemblies:ProcessInitializeOnLoadAttributes (System.Type[])

[Package Manager] Server::EnsureServerProcessIsRunning -- launch failed, reason: Unity was launched with the -noUpm command-line argument
[Package Manager] UpmClient::Send -- Unable to send message (not connected to UPM process).
[Package Manager] Cannot connect to Unity Package Manager local server
Mono: successfully reloaded assembly
- Finished resetting the current domain, in  1.887 seconds
Domain Reload Profiling: 2348ms
	BeginReloadAssembly (180ms)
		ExecutionOrderSort (0ms)
		DisableScriptedObjects (4ms)
		BackupInstance (0ms)
		ReleaseScriptingObjects (0ms)
		CreateAndSetChildDomain (43ms)
	RebuildCommonClasses (34ms)
	RebuildNativeTypeToScriptingClass (11ms)
	initialDomainReloadingComplete (29ms)
	LoadAllAssembliesAndSetupDomain (207ms)
		LoadAssemblies (268ms)
		RebuildTransferFunctionScriptingTraits (0ms)
		AnalyzeDomain (21ms)
			TypeCache.Refresh (6ms)
				TypeCache.ScanAssembly (0ms)
			ScanForSourceGeneratedMonoScriptInfo (0ms)
			ResolveRequiredComponents (13ms)
	FinalizeReload (1888ms)
		ReleaseScriptCaches (0ms)
		RebuildScriptCaches (0ms)
		SetupLoadedEditorAssemblies (819ms)
			LogAssemblyErrors (0ms)
			InitializePlatformSupportModulesInManaged (9ms)
			SetLoadedEditorAssemblies (4ms)
			RefreshPlugins (0ms)
			BeforeProcessingInitializeOnLoad (93ms)
			ProcessInitializeOnLoadAttributes (626ms)
			ProcessInitializeOnLoadMethodAttributes (78ms)
			AfterProcessingInitializeOnLoad (8ms)
			EditorAssembliesLoaded (0ms)
		ExecutionOrderSort2 (0ms)
		AwakeInstancesAfterBackupRestoration (17ms)
Refreshing native plugins compatible for Editor in 5.43 ms, found 3 plugins.
Preloading 0 native plugins for Editor in 0.00 ms.
Unloading 5344 Unused Serialized files (Serialized files now loaded: 0)
Unloading 54 unused Assets / (0.8 MB). Loaded Objects now: 6500.
Memory consumption went from 255.2 MB to 254.4 MB.
Total: 12.522400 ms (FindLiveObjects: 0.603100 ms CreateObjectMapping: 0.218100 ms MarkObjects: 11.295400 ms  DeleteObjects: 0.404400 ms)

Prepare: number of updated asset objects reloaded= 0
AssetImportParameters requested are different than current active one (requested -> active):
  custom:container-demuxer-ogg: 62fdf1f143b41e24485cea50d1cbac27 -> 
  custom:video-codec-MediaFoundation-h265: 746d11721c4dcdbdad8f713fa42b33f4 -> 
  custom:video-decoder-ogg-theora: a1e56fd34408186e4bbccfd4996cb3dc -> 
  custom:framework-win-MediaFoundation: 216162199b28c13a410421893ffa2e32 -> 
  custom:CustomObjectIndexerAttribute: a3ef5dd2817f97addfee359851a9dba5 -> 
  custom:container-demuxer-webm: 4f35f7cbe854078d1ac9338744f61a02 -> 
  custom:container-muxer-webm: aa71ff27fc2769a1b78a27578f13a17b -> 
  custom:video-decoder-webm-vp8: 9c59270c3fd7afecdb556c50c9e8de78 -> 
  custom:SearchIndexIgnoredProperties: e643bd26f0fe6173181afceb89e7c659 -> 
  custom:AudioImporter_EditorPlatform: d09bf68614088b80899f8185d706f6e7 -> 
  custom:video-encoder-webm-vp8: eb34c28f22e8b96e1ab97ce403110664 -> 
  custom:audio-decoder-ogg-vorbis: bf7c407c2cedff20999df2af8eb42d56 -> 
  custom:audio-encoder-webm-vorbis: bf7c407c2cedff20999df2af8eb42d56 -> 
========================================================================
Received Prepare
Begin MonoManager ReloadAssembly
- Loaded All Assemblies, in  0.445 seconds
Refreshing native plugins compatible for Editor in 3.26 ms, found 3 plugins.
Native extension for WindowsStandalone target not found
Native extension for WebGL target not found
System.Exception: Error! Visual Scripting: couldn't find visual scripting package
  at Unity.VisualScripting.PackageVersionUtility.get_version () [0x00043] in .\Library\PackageCache\com.unity.visualscripting@1.9.4\Editor\VisualScripting.Core\Utilities\PackageVersionUtility.cs:31 
  at Unity.VisualScripting.BoltCoreManifest.get_version () [0x00000] in .\Library\PackageCache\com.unity.visualscripting@1.9.4\Editor\VisualScripting.Core\Plugin\BoltCoreManifest.cs:11 
  at Unity.VisualScripting.PluginManifest.get_currentVersion () [0x00000] in .\Library\PackageCache\com.unity.visualscripting@1.9.4\Editor\VisualScripting.Core\Plugins\PluginManifest.cs:33 
  at Unity.VisualScripting.PluginManifest.get_versionMismatch () [0x00000] in .\Library\PackageCache\com.unity.visualscripting@1.9.4\Editor\VisualScripting.Core\Plugins\PluginManifest.cs:48 
  at Unity.VisualScripting.PluginContainer.Initialize () [0x00525] in .\Library\PackageCache\com.unity.visualscripting@1.9.4\Editor\VisualScripting.Core\Plugins\PluginContainer.cs:208 
  at Unity.VisualScripting.PluginContainer.InitializeOnLoad () [0x00009] in .\Library\PackageCache\com.unity.visualscripting@1.9.4\Editor\VisualScripting.Core\Plugins\PluginContainer.cs:32 
  at Unity.VisualScripting.VSUsageUtility.DoInitializeOnLoadCalls () [0x00034] in .\Library\PackageCache\com.unity.visualscripting@1.9.4\Editor\VisualScripting.Core\Utilities\VSUsageUtility.cs:76 
  at Unity.VisualScripting.VSUsageUtility.set_isVisualScriptingUsed (System.Boolean value) [0x0002c] in .\Library\PackageCache\com.unity.visualscripting@1.9.4\Editor\VisualScripting.Core\Utilities\VSUsageUtility.cs:114 
  at Unity.VisualScripting.VSUsageUtility.CheckAndSetIsVisualScriptingUsed () [0x0000d] in .\Library\PackageCache\com.unity.visualscripting@1.9.4\Editor\VisualScripting.Core\Utilities\VSUsageUtility.cs:33 
  at Unity.VisualScripting.VSUsageUtility..cctor () [0x00000] in .\Library\PackageCache\com.unity.visualscripting@1.9.4\Editor\VisualScripting.Core\Utilities\VSUsageUtility.cs:22 
UnityEngine.StackTraceUtility:ExtractStackTrace ()
UnityEngine.DebugLogHandler:LogFormat (UnityEngine.LogType,UnityEngine.Object,string,object[])
UnityEngine.Logger:Log (UnityEngine.LogType,object)
UnityEngine.Debug:LogError (object)
UnityEditor.EditorAssemblies:ProcessInitializeOnLoadAttributes (System.Type[])

[Package Manager] Server::EnsureServerProcessIsRunning -- launch failed, reason: Unity was launched with the -noUpm command-line argument
[Package Manager] UpmClient::Send -- Unable to send message (not connected to UPM process).
[Package Manager] Cannot connect to Unity Package Manager local server
Mono: successfully reloaded assembly
- Finished resetting the current domain, in  1.537 seconds
Domain Reload Profiling: 1979ms
	BeginReloadAssembly (170ms)
		ExecutionOrderSort (0ms)
		DisableScriptedObjects (3ms)
		BackupInstance (0ms)
		ReleaseScriptingObjects (0ms)
		CreateAndSetChildDomain (45ms)
	RebuildCommonClasses (31ms)
	RebuildNativeTypeToScriptingClass (12ms)
	initialDomainReloadingComplete (25ms)
	LoadAllAssembliesAndSetupDomain (203ms)
		LoadAssemblies (233ms)
		RebuildTransferFunctionScriptingTraits (0ms)
		AnalyzeDomain (45ms)
			TypeCache.Refresh (9ms)
				TypeCache.ScanAssembly (1ms)
			ScanForSourceGeneratedMonoScriptInfo (24ms)
			ResolveRequiredComponents (10ms)
	FinalizeReload (1538ms)
		ReleaseScriptCaches (0ms)
		RebuildScriptCaches (0ms)
		SetupLoadedEditorAssemblies (571ms)
			LogAssemblyErrors (0ms)
			InitializePlatformSupportModulesInManaged (9ms)
			SetLoadedEditorAssemblies (4ms)
			RefreshPlugins (0ms)
			BeforeProcessingInitializeOnLoad (66ms)
			ProcessInitializeOnLoadAttributes (433ms)
			ProcessInitializeOnLoadMethodAttributes (54ms)
			AfterProcessingInitializeOnLoad (6ms)
			EditorAssembliesLoaded (0ms)
		ExecutionOrderSort2 (0ms)
		AwakeInstancesAfterBackupRestoration (14ms)
Refreshing native plugins compatible for Editor in 4.62 ms, found 3 plugins.
Preloading 0 native plugins for Editor in 0.00 ms.
Unloading 5345 Unused Serialized files (Serialized files now loaded: 0)
Unloading 54 unused Assets / (0.8 MB). Loaded Objects now: 6518.
Memory consumption went from 257.2 MB to 256.3 MB.
Total: 10.065600 ms (FindLiveObjects: 0.473500 ms CreateObjectMapping: 0.247000 ms MarkObjects: 8.914500 ms  DeleteObjects: 0.429100 ms)

Prepare: number of updated asset objects reloaded= 0
AssetImportParameters requested are different than current active one (requested -> active):
  custom:container-demuxer-ogg: 62fdf1f143b41e24485cea50d1cbac27 -> 
  custom:video-codec-MediaFoundation-h265: 746d11721c4dcdbdad8f713fa42b33f4 -> 
  custom:video-decoder-ogg-theora: a1e56fd34408186e4bbccfd4996cb3dc -> 
  custom:framework-win-MediaFoundation: 216162199b28c13a410421893ffa2e32 -> 
  custom:CustomObjectIndexerAttribute: a3ef5dd2817f97addfee359851a9dba5 -> 
  custom:container-demuxer-webm: 4f35f7cbe854078d1ac9338744f61a02 -> 
  custom:container-muxer-webm: aa71ff27fc2769a1b78a27578f13a17b -> 
  custom:video-decoder-webm-vp8: 9c59270c3fd7afecdb556c50c9e8de78 -> 
  custom:SearchIndexIgnoredProperties: e643bd26f0fe6173181afceb89e7c659 -> 
  custom:AudioImporter_EditorPlatform: d09bf68614088b80899f8185d706f6e7 -> 
  custom:video-encoder-webm-vp8: eb34c28f22e8b96e1ab97ce403110664 -> 
  custom:audio-decoder-ogg-vorbis: bf7c407c2cedff20999df2af8eb42d56 -> 
  custom:audio-encoder-webm-vorbis: bf7c407c2cedff20999df2af8eb42d56 -> 
========================================================================
Received Import Request.
  Time since last request: 8935.733905 seconds.
  path: Assets/Scripts/Mechanisms/FinalRiddle/WlazOpeningScript.cs
  artifactKey: Guid(24a47e9b074cc7e44975732fce3e48b7) Importer(815301076,1909f56bfc062723c751e8b465ee728b)
Start importing Assets/Scripts/Mechanisms/FinalRiddle/WlazOpeningScript.cs using Guid(24a47e9b074cc7e44975732fce3e48b7) Importer(815301076,1909f56bfc062723c751e8b465ee728b)  -> (artifact id: '8fa25b367a478aded36daf6a8f1bb3ef') in 0.001759 seconds
Number of updated asset objects reloaded before import = 0
Number of asset objects unloaded after import = 0
========================================================================
Received Prepare
Begin MonoManager ReloadAssembly
- Loaded All Assemblies, in  0.567 seconds
Refreshing native plugins compatible for Editor in 4.13 ms, found 3 plugins.
Native extension for WindowsStandalone target not found
Native extension for WebGL target not found
System.Exception: Error! Visual Scripting: couldn't find visual scripting package
  at Unity.VisualScripting.PackageVersionUtility.get_version () [0x00043] in .\Library\PackageCache\com.unity.visualscripting@1.9.4\Editor\VisualScripting.Core\Utilities\PackageVersionUtility.cs:31 
  at Unity.VisualScripting.BoltCoreManifest.get_version () [0x00000] in .\Library\PackageCache\com.unity.visualscripting@1.9.4\Editor\VisualScripting.Core\Plugin\BoltCoreManifest.cs:11 
  at Unity.VisualScripting.PluginManifest.get_currentVersion () [0x00000] in .\Library\PackageCache\com.unity.visualscripting@1.9.4\Editor\VisualScripting.Core\Plugins\PluginManifest.cs:33 
  at Unity.VisualScripting.PluginManifest.get_versionMismatch () [0x00000] in .\Library\PackageCache\com.unity.visualscripting@1.9.4\Editor\VisualScripting.Core\Plugins\PluginManifest.cs:48 
  at Unity.VisualScripting.PluginContainer.Initialize () [0x00525] in .\Library\PackageCache\com.unity.visualscripting@1.9.4\Editor\VisualScripting.Core\Plugins\PluginContainer.cs:208 
  at Unity.VisualScripting.PluginContainer.InitializeOnLoad () [0x00009] in .\Library\PackageCache\com.unity.visualscripting@1.9.4\Editor\VisualScripting.Core\Plugins\PluginContainer.cs:32 
  at Unity.VisualScripting.VSUsageUtility.DoInitializeOnLoadCalls () [0x00034] in .\Library\PackageCache\com.unity.visualscripting@1.9.4\Editor\VisualScripting.Core\Utilities\VSUsageUtility.cs:76 
  at Unity.VisualScripting.VSUsageUtility.set_isVisualScriptingUsed (System.Boolean value) [0x0002c] in .\Library\PackageCache\com.unity.visualscripting@1.9.4\Editor\VisualScripting.Core\Utilities\VSUsageUtility.cs:114 
  at Unity.VisualScripting.VSUsageUtility.CheckAndSetIsVisualScriptingUsed () [0x0000d] in .\Library\PackageCache\com.unity.visualscripting@1.9.4\Editor\VisualScripting.Core\Utilities\VSUsageUtility.cs:33 
  at Unity.VisualScripting.VSUsageUtility..cctor () [0x00000] in .\Library\PackageCache\com.unity.visualscripting@1.9.4\Editor\VisualScripting.Core\Utilities\VSUsageUtility.cs:22 
UnityEngine.StackTraceUtility:ExtractStackTrace ()
UnityEngine.DebugLogHandler:LogFormat (UnityEngine.LogType,UnityEngine.Object,string,object[])
UnityEngine.Logger:Log (UnityEngine.LogType,object)
UnityEngine.Debug:LogError (object)
UnityEditor.EditorAssemblies:ProcessInitializeOnLoadAttributes (System.Type[])

[Package Manager] Server::EnsureServerProcessIsRunning -- launch failed, reason: Unity was launched with the -noUpm command-line argument
[Package Manager] UpmClient::Send -- Unable to send message (not connected to UPM process).
[Package Manager] Cannot connect to Unity Package Manager local server
Mono: successfully reloaded assembly
- Finished resetting the current domain, in  1.381 seconds
Domain Reload Profiling: 1945ms
	BeginReloadAssembly (217ms)
		ExecutionOrderSort (0ms)
		DisableScriptedObjects (5ms)
		BackupInstance (0ms)
		ReleaseScriptingObjects (0ms)
		CreateAndSetChildDomain (49ms)
	RebuildCommonClasses (42ms)
	RebuildNativeTypeToScriptingClass (12ms)
	initialDomainReloadingComplete (34ms)
	LoadAllAssembliesAndSetupDomain (258ms)
		LoadAssemblies (289ms)
		RebuildTransferFunctionScriptingTraits (0ms)
		AnalyzeDomain (48ms)
			TypeCache.Refresh (10ms)
				TypeCache.ScanAssembly (1ms)
			ScanForSourceGeneratedMonoScriptInfo (25ms)
			ResolveRequiredComponents (11ms)
	FinalizeReload (1382ms)
		ReleaseScriptCaches (0ms)
		RebuildScriptCaches (0ms)
		SetupLoadedEditorAssemblies (535ms)
			LogAssemblyErrors (0ms)
			InitializePlatformSupportModulesInManaged (8ms)
			SetLoadedEditorAssemblies (4ms)
			RefreshPlugins (0ms)
			BeforeProcessingInitializeOnLoad (67ms)
			ProcessInitializeOnLoadAttributes (401ms)
			ProcessInitializeOnLoadMethodAttributes (49ms)
			AfterProcessingInitializeOnLoad (5ms)
			EditorAssembliesLoaded (0ms)
		ExecutionOrderSort2 (0ms)
		AwakeInstancesAfterBackupRestoration (12ms)
Refreshing native plugins compatible for Editor in 3.65 ms, found 3 plugins.
Preloading 0 native plugins for Editor in 0.00 ms.
Unloading 5345 Unused Serialized files (Serialized files now loaded: 0)
Unloading 54 unused Assets / (0.9 MB). Loaded Objects now: 6535.
Memory consumption went from 259.1 MB to 258.3 MB.
Total: 9.625300 ms (FindLiveObjects: 0.413000 ms CreateObjectMapping: 0.213200 ms MarkObjects: 8.607400 ms  DeleteObjects: 0.390300 ms)

Prepare: number of updated asset objects reloaded= 0
AssetImportParameters requested are different than current active one (requested -> active):
  custom:container-demuxer-ogg: 62fdf1f143b41e24485cea50d1cbac27 -> 
  custom:video-codec-MediaFoundation-h265: 746d11721c4dcdbdad8f713fa42b33f4 -> 
  custom:video-decoder-ogg-theora: a1e56fd34408186e4bbccfd4996cb3dc -> 
  custom:framework-win-MediaFoundation: 216162199b28c13a410421893ffa2e32 -> 
  custom:CustomObjectIndexerAttribute: a3ef5dd2817f97addfee359851a9dba5 -> 
  custom:container-demuxer-webm: 4f35f7cbe854078d1ac9338744f61a02 -> 
  custom:container-muxer-webm: aa71ff27fc2769a1b78a27578f13a17b -> 
  custom:video-decoder-webm-vp8: 9c59270c3fd7afecdb556c50c9e8de78 -> 
  custom:SearchIndexIgnoredProperties: e643bd26f0fe6173181afceb89e7c659 -> 
  custom:AudioImporter_EditorPlatform: d09bf68614088b80899f8185d706f6e7 -> 
  custom:video-encoder-webm-vp8: eb34c28f22e8b96e1ab97ce403110664 -> 
  custom:audio-decoder-ogg-vorbis: bf7c407c2cedff20999df2af8eb42d56 -> 
  custom:audio-encoder-webm-vorbis: bf7c407c2cedff20999df2af8eb42d56 -> 
========================================================================
Received Prepare
Begin MonoManager ReloadAssembly
- Loaded All Assemblies, in  0.416 seconds
Refreshing native plugins compatible for Editor in 3.78 ms, found 3 plugins.
Native extension for WindowsStandalone target not found
Native extension for WebGL target not found
System.Exception: Error! Visual Scripting: couldn't find visual scripting package
  at Unity.VisualScripting.PackageVersionUtility.get_version () [0x00043] in .\Library\PackageCache\com.unity.visualscripting@1.9.4\Editor\VisualScripting.Core\Utilities\PackageVersionUtility.cs:31 
  at Unity.VisualScripting.BoltCoreManifest.get_version () [0x00000] in .\Library\PackageCache\com.unity.visualscripting@1.9.4\Editor\VisualScripting.Core\Plugin\BoltCoreManifest.cs:11 
  at Unity.VisualScripting.PluginManifest.get_currentVersion () [0x00000] in .\Library\PackageCache\com.unity.visualscripting@1.9.4\Editor\VisualScripting.Core\Plugins\PluginManifest.cs:33 
  at Unity.VisualScripting.PluginManifest.get_versionMismatch () [0x00000] in .\Library\PackageCache\com.unity.visualscripting@1.9.4\Editor\VisualScripting.Core\Plugins\PluginManifest.cs:48 
  at Unity.VisualScripting.PluginContainer.Initialize () [0x00525] in .\Library\PackageCache\com.unity.visualscripting@1.9.4\Editor\VisualScripting.Core\Plugins\PluginContainer.cs:208 
  at Unity.VisualScripting.PluginContainer.InitializeOnLoad () [0x00009] in .\Library\PackageCache\com.unity.visualscripting@1.9.4\Editor\VisualScripting.Core\Plugins\PluginContainer.cs:32 
  at Unity.VisualScripting.VSUsageUtility.DoInitializeOnLoadCalls () [0x00034] in .\Library\PackageCache\com.unity.visualscripting@1.9.4\Editor\VisualScripting.Core\Utilities\VSUsageUtility.cs:76 
  at Unity.VisualScripting.VSUsageUtility.set_isVisualScriptingUsed (System.Boolean value) [0x0002c] in .\Library\PackageCache\com.unity.visualscripting@1.9.4\Editor\VisualScripting.Core\Utilities\VSUsageUtility.cs:114 
  at Unity.VisualScripting.VSUsageUtility.CheckAndSetIsVisualScriptingUsed () [0x0000d] in .\Library\PackageCache\com.unity.visualscripting@1.9.4\Editor\VisualScripting.Core\Utilities\VSUsageUtility.cs:33 
  at Unity.VisualScripting.VSUsageUtility..cctor () [0x00000] in .\Library\PackageCache\com.unity.visualscripting@1.9.4\Editor\VisualScripting.Core\Utilities\VSUsageUtility.cs:22 
UnityEngine.StackTraceUtility:ExtractStackTrace ()
UnityEngine.DebugLogHandler:LogFormat (UnityEngine.LogType,UnityEngine.Object,string,object[])
UnityEngine.Logger:Log (UnityEngine.LogType,object)
UnityEngine.Debug:LogError (object)
UnityEditor.EditorAssemblies:ProcessInitializeOnLoadAttributes (System.Type[])

[Package Manager] Server::EnsureServerProcessIsRunning -- launch failed, reason: Unity was launched with the -noUpm command-line argument
[Package Manager] UpmClient::Send -- Unable to send message (not connected to UPM process).
[Package Manager] Cannot connect to Unity Package Manager local server
Mono: successfully reloaded assembly
- Finished resetting the current domain, in  1.607 seconds
Domain Reload Profiling: 2020ms
	BeginReloadAssembly (165ms)
		ExecutionOrderSort (0ms)
		DisableScriptedObjects (4ms)
		BackupInstance (0ms)
		ReleaseScriptingObjects (0ms)
		CreateAndSetChildDomain (39ms)
	RebuildCommonClasses (28ms)
	RebuildNativeTypeToScriptingClass (10ms)
	initialDomainReloadingComplete (24ms)
	LoadAllAssembliesAndSetupDomain (185ms)
		LoadAssemblies (242ms)
		RebuildTransferFunctionScriptingTraits (0ms)
		AnalyzeDomain (18ms)
			TypeCache.Refresh (6ms)
				TypeCache.ScanAssembly (0ms)
			ScanForSourceGeneratedMonoScriptInfo (0ms)
			ResolveRequiredComponents (10ms)
	FinalizeReload (1608ms)
		ReleaseScriptCaches (0ms)
		RebuildScriptCaches (0ms)
		SetupLoadedEditorAssemblies (703ms)
			LogAssemblyErrors (0ms)
			InitializePlatformSupportModulesInManaged (9ms)
			SetLoadedEditorAssemblies (3ms)
			RefreshPlugins (0ms)
			BeforeProcessingInitializeOnLoad (74ms)
			ProcessInitializeOnLoadAttributes (540ms)
			ProcessInitializeOnLoadMethodAttributes (69ms)
			AfterProcessingInitializeOnLoad (8ms)
			EditorAssembliesLoaded (0ms)
		ExecutionOrderSort2 (0ms)
		AwakeInstancesAfterBackupRestoration (18ms)
Refreshing native plugins compatible for Editor in 4.36 ms, found 3 plugins.
Preloading 0 native plugins for Editor in 0.00 ms.
Unloading 5345 Unused Serialized files (Serialized files now loaded: 0)
Unloading 54 unused Assets / (0.8 MB). Loaded Objects now: 6552.
Memory consumption went from 261.0 MB to 260.1 MB.
Total: 10.391800 ms (FindLiveObjects: 0.501400 ms CreateObjectMapping: 0.257800 ms MarkObjects: 9.181500 ms  DeleteObjects: 0.449100 ms)

Prepare: number of updated asset objects reloaded= 0
AssetImportParameters requested are different than current active one (requested -> active):
  custom:container-demuxer-ogg: 62fdf1f143b41e24485cea50d1cbac27 -> 
  custom:video-codec-MediaFoundation-h265: 746d11721c4dcdbdad8f713fa42b33f4 -> 
  custom:video-decoder-ogg-theora: a1e56fd34408186e4bbccfd4996cb3dc -> 
  custom:framework-win-MediaFoundation: 216162199b28c13a410421893ffa2e32 -> 
  custom:CustomObjectIndexerAttribute: a3ef5dd2817f97addfee359851a9dba5 -> 
  custom:container-demuxer-webm: 4f35f7cbe854078d1ac9338744f61a02 -> 
  custom:container-muxer-webm: aa71ff27fc2769a1b78a27578f13a17b -> 
  custom:video-decoder-webm-vp8: 9c59270c3fd7afecdb556c50c9e8de78 -> 
  custom:SearchIndexIgnoredProperties: e643bd26f0fe6173181afceb89e7c659 -> 
  custom:AudioImporter_EditorPlatform: d09bf68614088b80899f8185d706f6e7 -> 
  custom:video-encoder-webm-vp8: eb34c28f22e8b96e1ab97ce403110664 -> 
  custom:audio-decoder-ogg-vorbis: bf7c407c2cedff20999df2af8eb42d56 -> 
  custom:audio-encoder-webm-vorbis: bf7c407c2cedff20999df2af8eb42d56 -> 
