{"cameraMode":{"drawMode":0,"name":"Shaded","section":"Shading Mode"},"sceneLighting":true,"audioPlay":false,"sceneViewState":{"m_AlwaysRefresh":false,"showFog":true,"showSkybox":true,"showFlares":true,"showImageEffects":true,"showParticleSystems":true,"showVisualEffectGraphs":true,"m_FxEnabled":true},"in2DMode":false,"pivot":{"x":269.2298583984375,"y":72.70928192138672,"z":25.648963928222658},"rotation":{"x":0.08454135805368424,"y":-0.48822635412216189,"z":0.047652557492256168,"w":0.8673239350318909},"size":26.237625122070314,"orthographic":false}