{"cameraMode":{"drawMode":0,"name":"Shaded","section":"Shading Mode"},"sceneLighting":true,"audioPlay":false,"sceneViewState":{"m_AlwaysRefresh":false,"showFog":true,"showSkybox":true,"showFlares":true,"showImageEffects":true,"showParticleSystems":true,"showVisualEffectGraphs":true,"m_FxEnabled":true},"in2DMode":false,"pivot":{"x":264.5234069824219,"y":83.72740936279297,"z":-21.06584930419922},"rotation":{"x":-0.11018107831478119,"y":-0.008937258273363114,"z":0.0010712228249758483,"w":-0.9939619898796082},"size":0.8660253882408142,"orthographic":false}