{"cameraMode":{"drawMode":0,"name":"Shaded","section":"Shading Mode"},"sceneLighting":true,"audioPlay":false,"sceneViewState":{"m_AlwaysRefresh":false,"showFog":true,"showSkybox":true,"showFlares":true,"showImageEffects":true,"showParticleSystems":true,"showVisualEffectGraphs":true,"m_FxEnabled":true},"in2DMode":false,"pivot":{"x":291.1845397949219,"y":40.272830963134769,"z":-28.469573974609376},"rotation":{"x":-0.042888086289167407,"y":0.004493650980293751,"z":-0.00014146788453217596,"w":-0.9991203546524048},"size":0.8660253882408142,"orthographic":false}