{"cameraMode":{"drawMode":0,"name":"Shaded","section":"Shading Mode"},"sceneLighting":true,"audioPlay":false,"sceneViewState":{"m_AlwaysRefresh":false,"showFog":true,"showSkybox":true,"showFlares":true,"showImageEffects":true,"showParticleSystems":true,"showVisualEffectGraphs":true,"m_FxEnabled":true},"in2DMode":false,"pivot":{"x":2.6477127075195314,"y":-1.8272483348846436,"z":17.73276710510254},"rotation":{"x":0.10031852126121521,"y":0.016710232943296434,"z":-0.0016741197323426605,"w":0.9948336482048035},"size":13.147649765014649,"orthographic":false}