{"cameraMode":{"drawMode":0,"name":"Shaded","section":"Shading Mode"},"sceneLighting":true,"audioPlay":false,"sceneViewState":{"m_AlwaysRefresh":false,"showFog":true,"showSkybox":true,"showFlares":true,"showImageEffects":true,"showParticleSystems":true,"showVisualEffectGraphs":true,"m_FxEnabled":true},"in2DMode":false,"pivot":{"x":13.369193077087403,"y":-2.760659694671631,"z":-16.521989822387697},"rotation":{"x":0.04681035876274109,"y":0.9098771214485169,"z":-0.10693900287151337,"w":0.3981694281101227},"size":13.147649765014649,"orthographic":false}